TownID,NAME10,NAMELSAD10,Pop2018,Case0323,Case0324,Case0325,Cases0326,Case0327,Case0328,Case0329,Case0330,Case0331,Case0401,Case0402,Case0403,Case0404,Case0405,Case0406,Case0407,Case0408,Case0409,Case0410,Case0411,Case0412,Case0413,Case0414,Case0415,Case0416,Case0417,Case0418,Case0419,Case0420,Case0421,Case0422,Case0423,Case0424,Case0425,Case0426,Case0427,Case0428,Case0429,Case0430,Case0501,Case0502,Case0503,Case0504,Case0505,Case0506,Case0507,Case0508,Case0509,Case0510,Case0511,Case0512,Case0513,Case0514,Case0515,Case0516,Case0517,Case0518,Case0519,Case0520,Case0521,Case0522,Case0523,Case0524,Case0525,Case0526,Case0527,Case0528,Case0529,Case0530,Case0531,Case0601,Case0602,Case0603,Case0604,Case0605,Case0606,Case0607,Case0608,Case0609,Case0610,Case0611,Case0612,Case0613,Case0614,Case0615,Case0616,Case0617,Case0618,Case0619,Case0620,Case0621,Case0622,Case0623,Case0624,Case0625,Case0626,Case0627,Case0628,Case0629,Case0630,Case0701,Case0702,Case0703,Case0704,Case0705,Case0706,Case0707,Case0708,Case0709,Case0710,Case0711,Case0712,Case0713,Case0714,Case0715,Case0716,Case0717,Case0718,Case0719,Case0720,Case0721,Case0722,Case0723,Case0724,Case0725,Case0726,Case0727,Case0728,Case0729,Case0730,Case0731,Case0801,Case0802,Case0803,Case0804,Case0805,Case0806,Case0807,Case0808,Case0809,Case0810,Case0811,Case0812,Case0813,Case0814,Case0815,Case0816,Case0817,Case0818,Case0819,Case0820,Case0821,Case0822,Case0823,Case0824,Case0825,Case0826,Case0827,Case0828,Case0829,Case0830,Case0831,Case0901,Case0902,Case0903,Case0904,Case0905,Case0906,Case0907,rate
1,Bethel,Bethel town,19714,5,6,10,10,11,17,29,35,37,38,39,52,53,61,73,79,83,90,99,103,103,113,111,113,118,127,129,132,129,131,177,177,176,176,178,180,182,184,188,193,194,197,200,201,202,204,208,209,209,213,213,218,221,221,220,220,222,224,240,242,243,245,247,248,245,246,246,246,245,246,246,245,248,248,249,248,248,248,247,248,249,251,253,254,253,253,253,255,256,256,256,257,257,258,259,259,259,260,259,260,260,260,260,260,260,259,261,262,262,262,262,262,262,263,265,265,265,265,265,263,263,263,267,267,267,268,268,278,278,278,278,278,280,280,280,281,282,282,282,281,285,285,286,287,288,289,290,290,293,293,295,296,297,298,298,298,299,302,302,302,303,303,303,304,305,305,305,305,307,108
2,Bridgeport,Bridgeport town,144900,9,16,27,32,41,42,52,60,86,105,115,145,150,163,236,346,429,564,632,680,712,786,859,919,1042,1121,1199,1230,1356,1421,1514,1577,1640,1705,1768,1810,1838,1870,1961,2053,2099,2127,2156,2193,2266,2341,2378,2430,2468,2556,2625,2682,2732,2779,2831,2917,2962,3042,3057,3099,3152,3199,3230,3270,3265,3273,3285,3328,3345,3381,3401,3408,3430,3471,3513,3522,3534,3540,3543,3553,3558,3562,3570,3580,3581,3581,3596,3604,3622,3625,3629,3636,3638,3637,3643,3649,3653,3672,3683,3685,3687,3686,3689,3692,3697,3701,3707,3712,3713,3717,3721,3726,3726,3732,3739,3746,3751,3756,3762,3770,3778,3782,3809,3811,3813,3816,3820,3849,3865,3876,3885,3894,3905,3913,3923,3929,3935,3943,3951,3959,3967,3969,3974,3982,3994,4006,4018,4019,4023,4028,4032,4037,4042,4048,4052,4064,4066,4071,4075,4079,4084,4089,4091,4093,4094,4099,4104,4109,4114,176
3,Brookfield,Brookfield town,17002,8,13,23,24,29,35,52,58,58,58,59,72,73,81,88,88,91,91,95,94,94,94,94,96,99,101,100,100,100,100,120,121,121,122,122,127,126,127,130,135,135,136,136,137,138,138,139,139,139,139,140,144,144,144,144,146,148,150,149,151,152,154,155,156,153,153,153,155,155,156,156,156,156,156,156,156,157,157,157,157,157,157,157,157,158,158,158,160,161,161,161,162,162,162,162,163,163,164,164,164,164,165,165,165,167,167,167,167,167,167,167,167,167,167,167,167,167,167,167,167,168,169,173,173,173,173,174,175,175,176,176,176,175,175,175,176,176,176,176,176,176,177,177,177,177,177,179,179,180,180,181,185,189,193,193,197,198,201,201,201,203,203,203,208,209,209,209,209,211,82
4,Danbury,Danbury town,84730,15,29,63,69,85,123,182,218,223,227,231,402,418,470,570,609,622,632,650,669,676,726,740,754,776,828,841,843,836,842,1297,1295,1299,1300,1321,1330,1332,1352,1372,1393,1421,1433,1452,1459,1473,1483,1491,1506,1507,1518,1528,1553,1566,1579,1585,1600,1609,1634,1639,1660,1664,1682,1710,1714,1745,1758,1767,1773,1783,1797,1805,1805,1809,1816,1837,1852,1857,1858,1859,1863,1864,1867,1874,1875,1880,1880,1887,1889,1892,1893,1893,1895,1895,1903,1904,1909,1913,1917,1923,1924,1926,1930,1930,1930,1930,1931,1931,1931,1936,1937,1938,1939,1940,1946,1948,1949,1949,1949,1950,1952,1952,1953,2050,2049,2047,2045,2045,2176,2180,2192,2195,2198,2201,2201,2212,2213,2221,2226,2231,2236,2253,2256,2262,2273,2291,2309,2328,2328,2336,2360,2376,2403,2430,2459,2463,2482,2513,2529,2544,2559,2574,2583,2587,2590,2604,2613,2622,2631,2640,179
5,Darien,Darien town,21753,11,13,14,14,20,26,40,44,69,72,77,91,94,100,109,112,113,127,129,131,131,138,139,137,137,139,139,139,149,151,176,175,176,178,178,180,181,181,183,185,188,192,193,193,193,193,193,197,196,195,195,197,197,198,198,198,198,199,198,202,202,203,202,212,203,204,205,204,204,207,206,206,206,206,205,204,204,203,203,204,204,207,207,207,207,207,206,205,205,206,206,206,205,206,207,208,208,208,209,209,209,210,210,210,212,213,214,216,217,217,217,218,218,219,220,220,220,220,220,220,224,226,228,228,228,229,231,231,232,233,233,233,234,234,235,235,235,235,235,237,238,238,243,243,244,245,246,247,247,247,247,247,247,249,249,249,251,252,252,252,253,253,252,252,253,254,255,256,258,90
6,Easton,Easton town,7517,2,2,2,2,3,4,3,3,4,5,5,6,6,6,9,12,12,14,15,16,17,18,19,20,21,22,23,23,25,25,27,27,28,27,27,27,26,26,26,26,26,27,27,27,27,28,29,29,29,29,29,29,29,29,30,30,30,31,31,31,31,31,31,31,31,31,30,30,30,31,31,31,31,31,31,31,31,31,31,31,31,31,31,31,31,31,31,31,32,32,32,32,32,32,32,32,32,32,32,32,32,32,32,32,32,32,32,32,32,32,32,33,33,33,34,34,34,34,34,34,34,34,35,35,34,34,34,34,34,35,35,35,36,36,36,36,36,36,36,36,36,36,36,36,36,36,36,36,36,36,36,36,36,36,36,36,36,36,36,36,36,36,36,36,36,36,36,36,37,39
7,Fairfield,Fairfield town,61952,8,9,13,16,18,21,29,35,40,47,51,62,66,70,85,94,113,141,156,173,180,197,200,220,246,253,257,261,300,306,333,335,346,352,365,369,365,373,389,397,412,423,433,440,448,458,466,476,481,486,494,502,513,522,527,529,531,542,543,548,562,564,570,580,573,583,588,592,593,608,614,613,614,615,623,624,623,625,627,634,637,640,640,641,641,641,641,640,640,640,641,644,645,648,651,655,656,654,653,653,651,654,654,654,655,655,656,657,657,657,657,657,659,662,663,664,665,666,668,668,669,671,697,697,697,697,699,702,705,708,710,712,714,716,719,719,723,723,723,724,726,725,727,726,727,728,729,730,731,734,733,734,735,737,739,740,740,740,741,742,744,746,745,750,751,751,751,751,754,78
8,Greenwich,Greenwich town,62727,31,41,54,57,77,79,93,114,149,157,170,189,191,196,221,228,247,288,294,307,308,324,328,349,364,370,372,372,562,565,595,610,614,620,625,634,661,664,668,676,682,697,699,707,714,714,712,719,719,721,726,735,747,751,751,750,755,760,764,767,769,777,774,779,774,772,774,780,788,791,793,793,800,801,802,802,802,806,806,802,803,804,804,807,807,807,806,809,812,813,813,815,815,816,815,820,823,824,827,830,834,836,838,840,842,843,844,845,845,846,847,849,849,853,855,861,863,865,867,868,871,873,880,886,892,900,918,938,943,926,926,926,928,921,923,925,927,928,929,932,933,931,932,935,936,937,939,942,943,947,947,947,947,947,950,951,952,955,956,957,958,959,964,965,968,970,972,974,977,115
9,Monroe,Monroe town,19470,1,2,3,4,6,6,6,6,8,9,9,10,10,10,10,19,23,32,34,35,36,36,37,40,47,50,53,54,61,64,66,68,70,72,72,76,74,75,76,78,79,79,82,83,84,88,88,90,91,93,93,94,96,100,100,102,104,105,105,103,104,103,103,106,104,104,104,104,105,106,106,106,106,106,106,106,106,106,106,106,106,106,106,107,107,107,109,109,109,109,109,110,110,112,113,115,116,116,117,117,117,119,119,119,120,120,122,122,123,123,123,124,124,124,124,124,124,124,124,124,125,124,127,128,129,130,130,132,134,135,135,135,136,136,137,137,138,138,138,138,138,138,139,139,139,139,139,138,138,139,139,140,141,142,142,142,142,143,144,145,146,146,148,148,150,150,150,150,150,48
10,New Canaan,New Canaan town,20213,9,11,15,17,18,20,29,34,41,43,51,61,62,65,73,78,79,81,83,87,89,91,96,99,101,101,102,102,115,115,128,127,128,128,129,133,135,135,140,142,143,146,146,146,147,148,147,153,157,158,159,162,162,162,163,163,163,164,164,166,166,166,166,168,163,164,165,165,166,166,171,172,172,172,173,172,172,170,171,171,171,171,171,171,171,171,171,171,172,172,172,173,173,173,173,172,172,173,174,174,174,175,177,179,182,182,182,183,184,185,186,188,189,189,189,190,190,190,192,193,195,195,196,196,196,198,198,198,199,199,199,199,199,199,199,199,199,199,199,199,199,199,201,201,201,201,202,202,202,202,202,202,202,204,204,205,207,208,208,208,209,209,209,209,209,209,209,209,210,78
11,New Fairfield,New Fairfield town,13877,4,7,12,13,16,17,25,30,30,32,32,47,49,51,57,61,62,62,63,65,65,67,68,68,69,71,72,72,72,72,93,94,94,94,94,95,96,97,98,99,100,100,102,102,103,105,106,105,105,105,106,105,106,106,106,106,106,106,106,106,106,107,107,107,106,106,106,106,106,107,108,108,108,108,108,109,109,109,109,109,110,111,111,111,112,112,111,111,111,111,111,112,112,112,112,112,112,112,112,112,113,113,113,113,113,113,114,114,114,114,114,115,115,115,115,115,115,115,115,115,116,117,119,119,118,118,118,120,120,120,120,120,121,121,121,120,120,120,120,120,120,120,120,120,120,120,121,121,122,123,123,123,123,124,124,124,126,127,128,129,131,131,133,133,133,133,133,133,133,76
12,Newtown,Newtown town,27774,1,5,12,14,16,22,26,28,33,33,33,48,48,49,53,55,54,55,58,60,60,60,64,61,64,66,67,68,66,66,99,97,99,98,99,101,103,103,111,111,116,122,124,128,135,140,142,145,145,146,150,149,152,161,163,199,199,201,201,207,208,212,210,211,210,212,213,213,211,213,216,217,220,223,225,225,228,229,231,230,231,237,237,237,237,237,238,238,238,238,238,236,236,236,236,239,239,239,241,242,243,243,243,243,243,243,242,242,241,241,241,242,242,244,246,247,247,247,247,245,245,246,251,251,251,252,252,256,256,257,257,257,257,257,257,257,257,257,257,257,257,257,258,259,259,259,260,260,260,260,261,261,261,261,261,262,264,263,265,267,270,275,275,277,277,277,277,277,278,53
13,Norwalk,Norwalk town,89047,28,46,66,76,105,139,226,271,302,315,330,435,464,503,595,625,644,671,690,706,712,747,773,803,821,844,857,858,942,964,1358,1365,1390,1402,1409,1431,1456,1473,1517,1561,1586,1623,1641,1645,1667,1701,1730,1764,1763,1776,1788,1821,1871,1881,1886,1898,1907,1924,1928,1942,1947,1964,1969,1979,1968,1972,1981,1984,1991,1996,2003,2004,2008,2013,2027,2033,2040,2041,2047,2048,2049,2053,2052,2054,2054,2054,2054,2058,2060,2059,2060,2065,2065,2066,2068,2071,2073,2074,2078,2078,2078,2078,2079,2080,2082,2085,2086,2089,2092,2093,2094,2096,2096,2100,2104,2106,2106,2106,2108,2110,2113,2117,2124,2124,2124,2126,2125,2131,2131,2128,2129,2130,2131,2131,2132,2133,2136,2137,2138,2141,2145,2145,2148,2152,2155,2158,2163,2162,2163,2164,2165,2167,2169,2171,2172,2174,2173,2176,2179,2182,2187,2189,2189,2193,2193,2193,2193,2193,2195,199
14,Redding,Redding town,9125,1,2,6,7,7,13,16,16,16,16,16,20,20,21,21,23,26,28,28,28,28,29,29,30,30,30,30,32,35,35,55,54,54,55,55,56,58,59,60,60,60,60,60,60,60,60,61,63,63,63,64,65,66,66,67,67,67,68,68,68,70,71,70,71,70,70,70,71,71,71,71,70,69,69,69,69,69,69,69,69,69,69,69,69,69,69,69,70,69,69,69,69,69,69,69,69,69,69,69,69,69,69,69,69,69,69,69,69,69,69,69,69,69,69,69,69,69,69,70,70,70,71,72,72,72,73,73,74,74,74,75,76,77,77,77,77,78,78,78,79,79,79,79,79,79,79,79,79,79,79,79,79,79,80,80,80,80,79,79,79,79,80,80,80,80,80,80,80,81,69
15,Ridgefield,Ridgefield town,25008,13,34,41,43,46,59,69,74,77,78,78,88,93,101,109,111,114,118,121,124,124,126,127,130,130,134,137,137,146,146,168,167,171,172,174,176,172,174,179,179,180,183,185,185,185,187,189,189,190,192,194,195,194,195,195,196,195,197,198,199,202,206,205,207,202,203,203,204,204,210,212,213,213,213,213,213,213,213,213,214,215,214,214,215,215,215,215,215,215,215,215,216,216,216,216,216,216,216,215,215,213,214,215,216,217,219,219,219,219,220,221,223,224,224,226,226,226,226,226,226,228,230,235,235,235,235,235,237,238,238,238,238,238,238,238,239,239,239,239,239,238,238,238,239,240,241,243,244,244,244,244,245,246,249,250,250,250,251,252,253,255,257,257,258,259,259,259,259,260,77
16,Shelton,Shelton town,41097,1,5,6,13,18,20,24,31,46,55,59,78,93,113,124,140,161,190,206,217,228,249,260,278,293,304,315,316,351,353,366,370,382,387,394,408,408,414,422,429,436,440,448,453,463,472,479,483,484,492,500,508,513,515,519,522,524,531,530,533,536,540,563,565,568,570,573,579,577,598,597,597,597,599,601,603,605,607,609,608,610,624,624,627,627,627,627,628,629,629,629,630,630,630,629,630,631,631,632,632,632,631,632,633,636,636,635,635,635,635,635,637,637,637,636,639,640,641,642,642,642,642,652,652,652,654,655,657,660,661,664,667,670,670,670,670,670,672,674,676,677,677,679,680,682,684,686,687,687,688,689,690,691,694,694,693,691,693,694,695,696,697,699,700,700,700,700,700,699,120
17,Sherman,Sherman town,3614,0,1,2,2,2,3,3,4,4,4,4,6,6,6,8,8,8,8,8,8,8,8,8,8,8,8,8,8,10,10,11,11,11,11,11,11,12,12,12,12,12,12,12,12,12,12,12,13,13,13,13,13,13,13,14,14,14,14,14,14,14,14,14,14,14,14,14,14,14,14,14,14,14,14,14,14,14,14,14,14,14,14,14,14,14,14,14,14,14,14,14,14,14,15,15,15,15,15,15,16,16,16,16,16,16,16,16,16,16,16,16,16,16,16,16,16,16,16,16,16,16,16,16,16,16,16,16,17,17,17,17,17,17,17,17,17,17,17,17,17,17,17,17,17,17,17,17,17,17,17,17,17,17,17,17,17,17,17,17,17,19,19,19,19,19,19,19,19,19,36
18,Stamford,Stamford town,129775,30,34,48,60,76,86,126,157,401,437,508,589,604,652,888,1000,1045,1113,1189,1245,1289,1486,1525,1583,1620,1713,1748,1758,2046,2067,2167,2182,2223,2247,2255,2315,2337,2339,2390,2460,2491,2783,2788,2797,2830,2855,2872,2921,2937,2946,2958,2983,2994,3006,3020,3046,3045,3063,3051,3066,3068,3072,3075,3096,3094,3083,3088,3095,3104,3122,3128,3128,3136,3139,3143,3144,3146,3148,3154,3155,3158,3209,3222,3228,3235,3235,3245,3249,3257,3257,3257,3262,3263,3265,3267,3272,3275,3276,3283,3289,3297,3304,3308,3312,3317,3319,3326,3333,3336,3338,3340,3344,3344,3348,3357,3372,3373,3374,3375,3375,3382,3387,3401,3401,3400,3399,3404,3412,3422,3416,3418,3420,3423,3425,3431,3433,3434,3438,3442,3448,3454,3458,3464,3466,3471,3476,3482,3483,3485,3492,3496,3498,3500,3504,3506,3507,3517,3526,3531,3536,3543,3549,3554,3559,3565,3567,3569,3571,3576,227
19,Stratford,Stratford town,51967,3,7,11,12,17,18,22,27,31,34,38,49,54,58,84,120,147,196,223,235,241,265,281,297,326,351,384,392,421,431,461,468,477,483,491,512,520,526,547,573,583,590,595,602,631,639,647,657,663,674,685,695,702,711,720,721,724,736,737,743,750,755,761,777,772,776,783,794,796,810,815,818,816,821,830,833,836,839,843,845,846,850,850,850,854,854,856,856,858,858,859,862,863,862,861,864,864,866,867,865,866,866,867,868,869,869,870,873,872,873,874,875,876,876,875,876,876,876,877,878,879,879,886,886,886,888,889,894,897,897,897,897,898,898,898,899,901,902,903,906,907,907,909,908,909,910,911,912,913,914,914,914,914,914,915,916,917,921,922,923,924,926,929,930,933,934,935,936,938,130
20,Trumbull,Trumbull town,35802,2,3,4,6,8,9,14,14,17,21,22,29,33,34,48,60,71,95,114,121,126,135,142,156,179,186,199,206,240,245,260,267,302,311,328,352,353,359,372,384,391,398,403,404,418,427,439,445,449,455,455,459,465,474,480,483,489,493,495,500,501,501,504,507,508,511,512,513,509,524,526,526,530,530,531,532,533,531,532,531,532,534,534,534,535,535,541,541,543,544,545,547,548,550,553,554,562,562,561,562,563,563,563,563,564,564,564,564,568,566,564,562,561,561,561,562,564,566,566,566,573,568,571,572,573,575,575,579,580,581,582,583,585,585,585,584,583,583,583,583,585,585,585,586,586,586,586,586,586,587,587,589,591,595,595,596,597,598,599,600,601,600,599,599,600,601,602,603,604,127
21,Weston,Weston town,10247,4,7,10,10,13,17,23,27,29,29,29,32,32,32,33,34,34,38,37,39,39,40,41,42,42,43,44,44,46,46,56,57,57,59,60,63,58,58,59,60,60,60,60,61,62,62,63,62,63,63,63,63,62,62,62,62,62,62,61,61,61,62,62,65,62,62,62,63,63,63,63,63,63,63,63,63,63,63,62,63,63,63,63,65,65,65,65,66,66,66,66,66,66,66,66,66,66,66,66,66,65,65,65,65,65,65,65,65,66,66,66,67,67,67,68,70,70,70,70,70,70,70,73,73,73,73,73,74,75,75,75,75,75,75,75,75,75,75,75,75,75,74,75,76,76,76,78,78,79,81,82,83,84,86,86,86,87,87,87,87,88,89,89,89,89,89,89,89,89,61
22,Westport,Westport town,28115,74,79,87,89,95,101,114,115,120,122,125,134,135,135,146,148,152,158,165,172,174,174,176,178,183,183,184,184,197,198,221,224,228,230,230,233,233,234,238,247,247,255,255,256,256,258,261,261,261,263,266,266,266,267,267,267,268,273,273,279,280,284,284,291,283,285,286,288,288,290,291,292,293,296,296,295,296,295,295,295,295,297,297,297,298,298,298,299,301,301,301,304,304,304,304,304,304,304,305,305,306,307,308,309,312,313,313,316,316,316,316,315,316,318,320,321,321,321,321,321,320,320,325,326,327,327,327,331,331,331,331,331,330,330,331,331,331,331,331,333,333,334,334,336,337,338,339,339,340,342,342,344,346,349,348,350,350,350,350,350,352,352,353,353,353,353,353,353,353,94
23,Wilton,Wilton town,18397,10,13,17,17,25,31,42,44,49,49,51,71,70,73,79,86,87,90,91,92,94,95,96,99,100,101,103,103,115,119,135,140,141,144,144,144,148,150,156,159,160,162,163,164,165,166,178,180,180,192,192,198,198,198,200,200,200,200,199,202,201,202,201,201,201,201,201,201,201,202,203,204,204,204,205,206,206,206,206,205,206,206,206,207,208,208,207,207,207,207,207,209,209,209,209,212,212,214,218,218,218,221,221,221,223,223,224,224,226,227,228,230,230,230,230,230,230,230,230,230,231,231,234,234,233,233,235,238,240,240,240,240,240,241,241,241,243,243,243,243,243,243,243,243,244,245,246,243,243,244,247,247,247,248,248,248,248,249,249,249,248,248,251,250,251,251,251,251,252,104
24,Bozrah,Bozrah town,2537,0,0,0,0,0,0,0,1,1,1,1,1,1,1,1,1,2,2,2,2,3,4,3,4,4,4,4,4,4,4,4,4,4,5,5,5,5,4,4,5,5,5,6,6,7,7,7,7,7,7,7,7,7,7,8,8,8,8,8,8,8,8,7,7,7,7,7,7,7,7,7,7,7,7,7,7,7,7,7,7,7,7,7,7,7,7,7,7,7,7,7,7,7,7,7,8,8,8,8,8,8,8,8,8,7,7,7,7,7,7,7,7,7,7,7,7,7,7,8,8,8,8,8,8,8,8,8,8,10,11,11,11,11,11,12,12,12,12,12,12,12,12,12,12,12,12,12,12,12,12,12,12,12,12,12,12,12,12,12,12,13,13,13,13,13,13,13,13,15,28
25,Colchester,Colchester town,15936,0,0,0,1,1,2,2,2,2,3,3,4,4,4,6,6,7,7,7,8,8,9,9,9,9,11,13,13,13,13,13,13,15,15,18,19,19,20,20,21,23,25,26,24,23,23,26,27,27,27,28,29,30,31,32,32,32,32,32,32,33,33,34,35,35,35,36,36,36,37,36,36,36,36,36,37,37,36,36,36,36,37,37,37,37,37,37,37,37,39,39,40,40,40,40,53,52,53,53,53,53,53,54,55,56,56,56,56,56,56,56,57,57,61,61,61,61,61,61,61,61,44,44,44,44,45,45,45,45,45,45,45,45,45,45,45,45,45,45,45,45,45,45,45,45,45,45,44,44,44,44,44,44,44,44,45,45,45,45,45,47,49,49,50,50,50,50,50,52,17
26,East Lyme,East Lyme town,18645,1,1,1,2,2,2,2,2,2,2,2,3,3,3,3,5,6,8,9,10,12,14,14,13,15,17,18,21,24,24,35,37,43,46,51,54,56,62,69,75,77,82,90,94,109,109,113,114,114,113,113,116,119,122,123,123,123,124,125,126,127,129,129,136,134,139,139,142,142,145,143,144,144,145,145,145,144,144,144,144,144,143,143,144,144,144,144,146,146,146,146,147,147,147,148,149,149,150,154,154,156,158,158,158,158,159,159,160,160,160,160,160,160,161,161,160,160,160,160,160,160,161,161,161,161,161,162,162,162,163,163,163,163,163,163,164,162,162,162,162,162,162,162,162,162,162,162,162,163,163,163,163,163,163,163,163,163,163,163,163,164,164,164,164,165,165,165,165,167,61
27,Franklin,Franklin town,1933,0,0,0,1,1,1,1,1,1,1,1,1,1,1,1,1,1,1,1,2,2,2,2,2,2,2,2,2,2,2,3,3,3,3,2,2,2,2,2,2,2,2,2,2,2,2,2,2,2,2,2,2,2,2,3,3,3,3,3,3,4,3,3,4,4,4,4,4,4,4,5,5,5,5,5,5,5,5,5,5,5,5,5,5,5,5,5,5,5,5,5,5,5,5,5,5,5,5,5,5,5,5,5,5,6,6,6,7,7,7,7,6,6,6,6,6,6,6,6,6,6,6,7,7,7,8,8,8,8,8,8,8,8,9,9,9,9,9,9,9,11,11,11,11,11,11,13,13,13,13,13,13,13,14,14,14,14,14,14,14,15,15,15,16,16,16,16,16,16,10
28,Griswold,Griswold town,11591,0,0,0,0,0,0,0,1,1,1,1,1,2,2,3,3,4,4,4,5,5,6,5,7,8,9,9,9,10,10,10,11,11,13,13,15,15,15,17,17,19,19,19,19,19,19,19,19,19,19,19,20,20,20,20,20,20,20,20,20,20,22,23,25,23,23,22,22,24,26,26,29,29,29,29,29,29,29,29,30,30,30,31,31,31,31,32,32,33,33,33,33,33,33,33,33,33,32,32,32,32,32,32,32,33,33,33,33,33,33,33,33,33,33,33,33,33,33,33,34,35,35,37,37,37,38,38,38,38,38,38,38,38,38,38,38,38,38,38,38,38,39,40,41,41,41,42,42,41,41,40,40,40,41,41,42,43,43,44,45,46,46,47,47,48,48,48,48,49,16
29,Groton,Groton town,38692,0,0,1,1,1,2,2,2,2,2,2,3,5,5,6,8,11,13,13,17,17,21,21,20,21,28,29,30,36,35,36,40,46,48,63,66,65,66,66,80,86,86,87,88,90,91,92,97,97,97,97,97,100,101,101,103,103,105,105,106,107,110,87,88,86,89,88,89,87,92,93,92,94,94,94,95,95,96,95,110,110,111,112,112,114,114,120,121,118,120,121,124,125,125,125,125,126,127,127,128,128,127,129,131,133,135,134,136,138,138,138,137,142,142,144,144,145,146,145,144,144,144,145,145,145,145,146,147,152,151,151,151,153,154,153,154,155,155,155,156,156,156,156,156,156,156,157,157,157,159,159,159,159,159,160,160,160,177,176,175,174,177,178,179,181,182,183,184,185,25
30,Lebanon,Lebanon town,7207,0,0,0,0,0,2,2,2,2,2,2,2,2,2,3,4,5,6,6,7,7,8,8,8,9,9,9,9,9,10,11,12,12,12,13,14,14,15,16,16,16,16,16,16,16,16,17,17,17,17,17,17,17,18,20,20,20,23,24,24,23,24,24,25,23,23,23,23,23,23,23,23,23,23,23,23,23,23,25,25,25,25,25,25,25,25,25,25,25,25,25,25,25,25,25,25,26,26,26,26,26,26,26,26,27,27,27,27,27,27,27,26,26,26,26,26,26,26,26,26,26,26,27,27,27,27,27,27,27,27,27,27,27,27,27,27,27,27,27,27,27,27,27,27,27,27,27,27,27,27,27,27,27,27,27,27,27,27,27,27,27,27,27,27,27,27,27,27,27,24
31,Ledyard,Ledyard town,14736,0,0,0,0,1,1,1,2,2,2,2,2,2,2,3,4,4,3,3,3,3,5,6,6,6,7,7,8,8,8,8,8,8,9,9,9,9,9,11,12,12,13,14,14,14,16,17,17,17,17,17,17,18,18,18,18,19,19,19,19,19,19,19,23,18,19,19,21,21,21,21,21,21,21,21,21,21,21,21,21,21,21,21,22,22,22,23,22,22,22,22,22,22,22,22,22,22,22,22,22,22,22,22,22,24,24,24,24,24,24,24,25,25,25,25,26,26,26,26,26,27,27,28,28,28,28,28,28,28,28,28,28,28,29,29,29,29,29,29,29,29,29,30,30,30,30,31,31,31,31,32,32,32,33,33,33,33,33,33,33,33,33,33,34,34,34,34,34,34,12
32,Lisbon,Lisbon town,4248,0,0,2,2,2,2,2,2,2,2,2,2,2,2,2,2,2,2,2,2,2,5,6,4,4,4,4,4,4,4,4,5,5,6,6,6,6,5,5,5,5,5,5,5,5,5,5,5,5,5,5,5,5,5,5,5,5,5,5,5,5,5,6,6,7,7,9,11,11,9,9,9,9,9,9,9,9,9,9,9,9,9,9,9,9,9,9,9,9,9,9,9,9,9,9,9,9,10,10,10,10,10,10,10,9,9,9,9,9,9,9,9,9,9,9,9,9,9,9,9,9,9,9,9,9,10,10,10,11,11,11,11,11,11,11,11,11,11,11,11,12,11,11,11,11,11,11,11,11,11,12,12,12,11,11,11,11,11,11,11,11,11,11,11,11,11,11,11,11,12
33,Lyme,Lyme town,2338,0,0,0,1,1,1,1,1,1,1,1,1,1,1,1,1,1,1,1,1,1,1,1,1,1,1,1,1,1,1,1,1,1,1,1,1,1,1,1,2,2,2,2,2,2,2,2,3,3,3,3,3,3,3,3,3,3,3,3,4,4,3,3,3,3,3,2,2,2,2,2,2,2,2,2,2,2,2,2,2,2,2,2,2,2,2,2,2,2,2,2,2,2,2,2,2,2,2,2,2,2,2,2,2,2,2,2,2,2,2,2,2,2,2,2,2,2,2,2,2,2,5,5,5,5,5,6,6,6,6,6,6,6,6,6,6,6,6,6,6,6,6,6,6,6,6,6,6,6,6,6,6,6,7,7,7,7,7,7,7,8,8,8,8,7,7,7,7,7,13
34,Montville,Montville town,18716,1,1,1,1,1,1,1,1,2,3,2,2,2,2,2,3,13,14,15,18,19,19,19,21,24,39,39,39,41,46,52,56,58,59,59,61,62,63,65,66,67,67,72,79,95,96,98,98,98,99,101,101,103,104,104,106,106,107,110,110,158,219,242,250,250,252,252,252,252,251,251,252,252,253,255,255,257,258,260,260,260,305,342,344,379,379,381,293,294,294,291,291,290,287,287,288,288,290,291,289,289,289,289,289,288,287,288,287,287,287,287,288,288,288,290,290,290,290,291,291,292,292,290,290,290,290,292,292,292,293,293,293,294,295,298,298,298,305,312,319,322,324,325,324,324,324,324,323,323,323,323,323,323,323,323,324,324,326,326,326,326,326,326,326,327,327,327,327,329,53
35,New London,New London town,26939,0,0,0,0,1,1,1,1,2,2,3,6,12,11,12,13,16,21,22,26,27,33,35,38,43,44,49,53,50,55,60,59,63,68,68,68,70,72,77,80,81,85,88,92,94,100,105,105,106,111,113,120,124,128,132,132,133,136,136,136,139,139,138,139,135,136,135,136,136,137,137,137,139,140,140,141,141,141,143,144,145,145,145,146,145,145,146,146,147,148,148,148,148,149,152,155,156,160,163,163,164,165,166,167,169,169,172,177,178,178,178,180,180,180,182,183,184,185,186,186,185,185,185,185,185,186,187,188,188,190,191,192,193,193,194,194,195,195,195,196,196,196,197,196,196,196,197,198,198,200,200,201,202,204,204,203,203,205,206,207,208,208,207,208,217,217,217,217,216,41
36,North Stonington,North Stonington town,5243,0,0,0,0,0,0,0,0,0,0,0,0,0,0,0,0,0,0,0,0,0,0,0,0,0,1,1,2,2,1,1,2,2,2,2,2,2,3,3,4,6,5,5,8,8,8,9,9,9,9,9,10,10,10,10,10,10,10,10,10,10,10,10,10,10,12,12,12,12,12,12,12,12,13,13,13,13,13,13,13,13,13,13,13,13,13,13,13,13,13,13,13,13,13,13,13,13,14,15,15,15,15,15,15,15,15,15,15,15,15,15,15,15,15,15,15,15,15,15,15,15,15,15,15,15,16,16,16,16,16,16,16,16,16,15,15,15,15,15,15,15,15,15,15,15,15,15,15,15,15,15,15,15,15,15,15,15,16,16,16,16,16,16,16,16,16,16,16,16,17
37,Norwich,Norwich town,39136,1,2,2,2,2,2,2,2,2,2,2,3,5,5,6,6,8,12,13,15,13,19,22,22,24,26,26,26,27,30,31,33,34,35,36,38,41,39,41,44,47,50,52,55,56,58,58,59,59,60,63,66,74,74,78,77,79,81,83,85,87,89,89,90,89,89,89,89,89,91,93,94,94,94,94,95,95,95,99,98,101,101,101,100,99,99,100,100,101,102,102,104,104,104,104,104,105,104,104,104,106,107,107,107,108,111,112,113,113,113,113,114,114,114,115,114,114,114,116,117,121,121,123,123,123,125,125,125,125,126,127,128,129,130,133,134,135,135,135,136,139,139,141,141,145,149,155,155,156,157,157,159,161,163,164,166,167,168,172,176,180,184,185,187,192,193,194,195,198,15
38,Old Lyme,Old Lyme town,7366,0,0,1,0,0,0,1,1,1,1,1,3,3,3,3,3,3,5,7,8,8,9,9,9,9,9,9,9,10,10,10,10,11,12,12,13,13,13,13,14,14,14,15,15,15,15,15,16,16,16,16,16,16,16,16,16,16,16,16,17,18,18,18,18,16,15,15,15,15,15,16,17,17,17,18,19,19,19,19,19,19,19,19,19,19,19,19,20,21,21,21,21,21,21,21,21,21,21,21,21,21,21,21,21,21,21,21,21,21,21,21,21,21,21,21,22,22,22,22,22,22,22,22,22,22,22,23,24,25,25,25,25,24,24,24,24,24,24,24,24,24,24,24,24,24,24,24,24,24,24,24,24,24,24,24,25,24,24,24,24,26,27,27,27,28,28,28,28,28,22
39,Preston,Preston town,4638,0,0,0,0,0,0,0,1,1,1,1,1,1,1,1,2,2,2,2,2,2,2,2,2,2,2,3,3,2,2,2,2,3,3,3,4,4,4,4,4,5,6,7,8,8,8,8,8,8,8,8,9,9,9,9,9,9,10,10,10,10,11,12,13,14,13,13,13,14,14,14,13,13,13,13,13,13,13,13,13,13,13,13,14,14,14,14,14,15,15,15,16,15,15,15,14,14,14,15,15,15,15,15,15,15,16,16,16,16,16,16,16,16,16,16,16,16,16,16,15,15,15,17,17,17,18,19,19,19,19,19,19,21,23,23,23,23,23,23,23,23,23,23,23,23,23,24,24,24,24,25,25,25,25,25,26,26,26,26,26,26,26,26,26,27,27,27,27,28,17
40,Salem,Salem town,4123,0,0,0,0,0,0,0,0,0,0,0,0,0,0,0,1,2,3,3,3,3,3,3,3,3,3,3,3,3,3,3,3,3,4,4,3,4,3,3,3,3,3,3,3,3,3,3,3,3,4,4,4,4,4,4,4,4,4,4,4,4,4,4,4,4,4,4,4,4,4,4,4,4,4,4,5,5,5,5,5,5,5,5,5,5,5,5,6,6,6,6,6,6,6,6,6,6,6,6,6,6,6,6,6,6,6,6,6,6,6,6,6,6,6,6,6,6,6,6,6,6,7,9,9,9,10,11,12,12,12,12,12,13,13,13,13,13,13,13,13,13,13,13,13,13,13,13,13,13,13,13,13,13,13,13,13,13,13,13,13,13,13,13,13,14,14,14,14,15,10
41,Sprague,Sprague town,2889,0,0,0,0,0,0,0,0,0,0,0,0,0,0,0,0,0,0,0,0,0,0,0,0,1,2,2,2,2,2,2,2,2,2,2,2,2,2,2,2,2,2,2,2,3,3,3,3,3,3,3,3,3,3,3,3,3,3,3,3,4,4,4,4,4,4,4,4,4,4,4,4,4,4,4,4,4,4,4,4,4,4,4,4,4,4,4,4,4,4,4,4,4,4,4,4,4,5,5,5,5,5,5,5,5,5,5,5,5,5,5,5,5,5,5,5,5,5,5,5,5,5,5,5,5,5,5,5,6,6,6,6,6,6,6,6,6,6,6,6,6,6,6,6,6,6,6,6,6,6,6,6,6,6,6,6,6,7,7,7,7,7,7,7,7,7,7,7,8,10
42,Stonington,Stonington town,18449,1,1,1,1,1,1,1,1,2,2,2,3,6,6,6,9,15,14,13,19,19,19,18,21,18,18,18,20,23,23,24,24,26,27,27,27,26,26,26,26,27,28,27,29,29,30,30,26,27,27,27,27,27,29,29,29,29,30,30,30,32,32,31,34,30,31,31,30,31,32,32,32,31,31,32,32,32,33,32,32,31,32,31,31,31,31,31,30,31,32,31,30,30,30,30,30,30,30,31,31,31,31,31,31,32,34,34,35,35,35,35,36,37,37,36,36,36,36,36,36,36,36,36,36,36,36,36,36,35,35,35,35,36,36,36,36,36,36,36,36,36,36,36,36,36,36,36,35,36,36,36,36,36,35,36,36,36,40,40,40,40,40,39,40,40,40,40,40,41,15
43,Voluntown,Voluntown town,2535,0,0,0,1,1,1,1,1,1,1,1,1,1,1,1,1,1,1,1,1,1,1,1,1,2,2,3,3,3,3,3,3,4,4,5,5,5,5,5,7,7,7,7,7,7,7,8,8,8,8,8,8,8,9,9,9,9,9,9,9,9,9,9,9,9,9,9,9,9,9,9,9,9,9,9,9,9,9,9,9,9,9,9,9,9,9,9,9,9,9,9,9,9,9,9,9,9,9,9,9,9,9,9,9,9,9,9,9,9,9,9,9,9,9,9,9,9,9,9,9,9,9,9,9,9,9,10,10,10,10,10,10,10,10,11,11,11,11,11,11,11,11,11,13,13,13,13,13,13,13,13,13,13,13,13,13,13,13,13,13,13,13,13,13,13,13,13,13,13,32
44,Waterford,Waterford town,18887,0,0,0,0,0,0,0,0,0,0,0,1,4,5,5,12,17,20,32,36,38,42,43,45,50,54,66,78,82,83,84,91,94,99,99,102,109,111,114,118,117,119,136,136,137,137,138,139,139,141,144,144,145,147,146,146,146,148,148,149,149,155,151,152,152,153,155,155,155,156,157,158,159,159,159,160,160,160,160,161,161,162,162,161,162,162,162,162,164,165,165,165,166,166,166,166,166,167,169,170,170,171,171,171,173,173,173,174,174,174,174,176,176,176,176,177,177,177,178,179,180,180,180,180,180,181,180,181,181,182,182,182,182,182,182,182,183,183,183,183,184,184,184,185,185,185,186,186,186,185,185,185,185,185,185,185,184,184,184,184,184,184,186,186,187,187,187,187,188,75
45,Ashford,Ashford town,4261,0,0,0,0,0,0,0,1,1,3,4,4,4,4,4,4,4,4,4,4,4,4,4,4,4,4,4,4,8,8,9,9,9,9,9,9,9,9,9,10,10,10,11,11,12,12,12,13,13,13,13,13,13,13,13,14,14,14,14,15,15,15,15,16,15,15,15,15,15,15,15,15,15,15,15,15,15,15,15,16,16,16,16,17,17,17,17,17,18,18,18,18,18,18,18,18,18,18,18,18,18,18,18,18,19,19,19,19,19,19,19,20,20,20,20,20,20,20,21,21,21,21,21,21,21,23,23,23,23,23,23,23,23,23,23,23,23,23,23,23,23,23,23,23,23,23,23,23,23,23,23,23,23,23,23,23,23,23,23,23,23,23,23,23,23,23,23,23,23,31
46,Brooklyn,Brooklyn town,8280,0,0,0,0,0,0,0,0,0,0,0,2,2,2,2,2,2,2,2,3,3,4,4,5,5,6,6,6,8,9,10,11,11,13,13,13,13,13,13,14,13,13,13,14,15,15,16,16,16,16,16,16,16,16,17,17,18,18,18,19,19,21,21,21,21,21,22,22,22,23,23,23,23,23,23,23,23,23,23,23,23,23,24,24,24,24,25,117,117,117,121,121,122,125,126,126,126,126,126,127,127,127,127,127,127,128,128,128,128,128,128,128,128,128,128,128,128,128,129,129,129,129,132,132,132,132,132,132,135,135,135,135,135,135,137,137,137,137,137,136,136,137,138,139,139,139,141,141,143,143,143,143,143,145,145,147,147,146,146,146,146,148,148,148,148,148,148,148,148,19
47,Canterbury,Canterbury town,5100,0,0,0,0,0,0,0,0,0,0,0,0,0,0,2,2,2,2,2,2,2,2,2,2,2,2,2,2,2,2,2,2,4,5,5,7,7,7,8,9,9,9,10,10,10,11,11,11,11,11,11,11,11,11,11,11,11,11,11,11,11,11,11,11,11,11,11,11,11,11,12,12,12,14,14,14,14,14,14,14,14,14,14,14,14,14,14,14,15,15,15,15,15,15,15,15,15,15,15,15,15,15,15,15,15,15,15,15,15,15,15,15,15,15,15,15,15,15,15,15,15,15,15,15,15,15,15,15,16,16,16,16,17,17,18,18,18,18,18,19,19,19,19,19,19,19,19,19,19,19,19,19,19,20,20,20,20,20,20,20,20,20,20,20,20,20,20,20,20,22
48,Chaplin,Chaplin town,2256,0,0,0,0,0,0,0,0,0,0,0,0,0,0,0,0,0,0,0,0,0,0,0,0,0,0,0,0,0,0,0,0,0,0,1,1,1,1,1,1,1,1,1,2,2,2,2,2,2,3,3,3,3,3,3,3,3,3,3,3,3,3,3,3,3,3,3,3,3,3,3,3,3,3,3,3,3,3,3,3,3,3,3,3,3,3,3,3,3,3,3,3,3,3,3,3,3,3,3,3,3,3,3,3,3,3,3,4,4,4,4,4,4,4,4,4,4,4,4,4,4,4,4,4,4,4,4,4,4,4,4,4,4,4,4,4,4,4,4,4,4,4,4,4,4,4,4,4,4,4,4,4,4,4,4,4,4,4,4,4,5,5,5,5,6,6,6,6,6,13
49,Eastford,Eastford town,1790,0,0,0,0,0,0,1,1,1,1,1,1,1,1,1,1,1,1,1,1,1,1,1,1,1,1,1,1,1,1,2,2,3,5,6,6,6,6,7,7,7,7,7,7,7,7,7,7,7,7,7,8,8,8,8,8,8,8,8,8,8,8,8,8,8,8,8,8,8,8,8,8,8,8,8,8,8,8,8,8,8,8,8,8,8,8,8,8,8,8,8,8,8,8,8,8,8,8,8,8,8,8,8,8,8,8,8,8,8,8,8,8,8,8,8,10,10,9,8,8,8,8,8,8,8,8,8,9,10,10,10,10,11,12,12,12,12,12,12,12,12,12,12,12,12,12,12,12,12,12,12,12,12,12,12,12,12,12,12,12,12,12,12,12,12,12,12,12,12,39
50,Hampton,Hampton town,1853,0,0,0,0,0,0,0,0,0,0,0,0,0,0,0,0,0,0,0,0,0,0,0,0,0,0,0,0,0,0,0,0,0,0,0,0,0,0,0,1,1,1,1,1,1,1,1,1,1,1,1,1,1,1,1,1,1,1,1,2,2,2,2,2,2,2,2,2,2,2,2,2,2,2,2,2,2,2,2,2,2,2,2,2,2,2,2,2,2,2,2,2,2,2,2,2,2,2,2,2,2,2,2,2,2,2,2,2,2,2,2,2,2,2,2,3,3,3,3,2,2,2,2,2,2,2,2,2,2,2,2,2,2,2,2,2,2,2,2,3,3,3,3,4,4,4,6,6,6,6,6,6,6,7,7,7,7,7,7,7,7,7,7,7,7,7,7,7,8,5
51,Killingly,Killingly town,17287,0,0,0,1,1,1,2,2,2,2,2,2,3,3,6,6,6,6,7,9,9,10,11,12,12,13,14,15,17,17,17,17,18,19,19,20,20,19,20,21,21,21,20,22,23,22,23,23,23,23,23,23,24,24,24,24,25,25,26,26,26,26,27,27,27,27,28,28,28,29,29,29,29,29,29,29,29,29,29,30,30,31,31,31,31,31,31,32,34,34,34,34,34,34,34,34,34,34,35,35,35,35,35,35,35,35,35,35,35,35,35,35,35,35,35,35,35,35,36,36,36,36,36,36,36,37,37,37,37,37,38,39,41,42,44,44,43,43,43,43,44,44,45,45,45,45,45,45,46,46,46,46,46,48,48,48,48,48,48,48,49,49,49,49,49,49,49,49,52,13
52,Plainfield,Plainfield town,15173,0,0,0,0,0,0,0,0,0,0,0,1,2,3,3,3,3,4,6,7,7,9,9,9,9,10,11,11,11,11,13,14,14,15,16,17,17,18,21,22,23,24,24,24,26,26,26,27,27,27,27,27,28,28,29,29,29,30,30,30,30,30,30,31,31,31,31,31,31,31,31,31,31,31,32,32,32,32,32,32,33,33,33,33,33,33,34,34,36,36,36,37,37,38,38,38,38,38,39,40,40,40,40,40,40,40,40,40,40,40,40,40,40,41,41,41,41,41,41,41,41,41,41,41,41,43,44,44,45,45,45,45,47,47,48,48,50,51,52,55,56,56,57,58,58,58,59,59,59,59,59,59,59,58,58,59,59,59,60,61,63,66,69,70,70,70,70,70,71,18
53,Pomfret,Pomfret town,4204,0,0,0,0,0,0,0,1,1,2,2,3,3,3,4,4,5,5,5,5,5,6,6,6,6,6,6,7,7,7,7,7,8,9,9,10,10,10,10,10,10,10,10,10,10,10,10,10,10,10,10,10,10,10,10,11,11,11,13,13,13,13,13,13,13,14,14,14,14,14,14,13,13,13,13,13,13,13,13,13,13,13,13,13,13,13,13,13,13,13,13,13,13,13,13,13,13,13,13,13,13,13,13,13,13,13,13,13,13,13,13,13,13,13,13,15,15,15,15,15,15,15,15,15,15,15,15,15,16,18,18,18,18,18,18,18,18,18,18,18,19,19,19,19,19,19,19,19,19,19,19,19,19,19,19,19,19,19,19,19,19,19,19,20,20,20,20,20,20,24
54,Putnam,Putnam town,9395,0,0,0,0,0,0,0,0,0,0,0,0,1,1,1,1,3,3,3,4,4,6,6,6,6,6,6,6,6,6,9,9,10,11,11,11,11,11,15,15,17,17,17,18,18,17,17,17,18,19,19,21,21,21,21,23,23,24,24,25,25,25,26,27,27,27,27,27,27,27,26,26,26,26,26,26,29,30,30,30,30,30,30,30,30,30,30,30,30,30,30,30,30,30,30,30,30,30,31,31,31,31,31,31,31,31,31,33,33,33,33,33,33,33,33,33,33,33,33,33,33,33,33,33,33,33,34,34,34,34,34,34,34,34,34,34,35,35,35,35,35,35,35,36,36,36,37,37,37,37,38,38,38,39,39,40,40,40,40,40,41,41,41,41,41,41,41,41,43,20
55,Andover,Andover town,3231,0,0,0,0,0,0,0,0,0,0,0,0,0,0,0,0,1,1,1,1,1,1,1,1,2,2,2,2,2,2,2,3,5,5,6,6,6,6,6,6,6,6,6,6,6,6,6,6,6,7,7,7,8,9,9,9,9,10,10,10,10,10,10,10,10,10,10,10,10,10,10,9,9,9,9,9,9,9,9,9,9,9,9,9,9,9,9,9,9,9,9,9,9,9,9,9,9,9,9,9,9,9,9,9,9,9,9,9,9,9,9,9,9,9,9,9,9,9,9,9,9,9,9,9,9,9,9,9,9,9,9,9,9,9,9,9,9,9,9,9,9,9,9,9,9,9,9,9,9,9,9,9,9,9,9,9,9,9,9,9,9,9,9,9,9,9,9,9,9,22
56,Bolton,Bolton town,4890,1,1,2,2,2,2,2,2,2,2,3,4,4,4,5,5,5,6,6,6,8,8,8,8,8,9,9,9,9,9,9,9,9,9,9,9,9,9,10,11,13,13,14,15,15,15,16,16,16,16,16,16,17,17,18,18,19,19,19,19,20,23,23,23,23,23,23,23,23,23,23,22,22,22,21,21,21,21,21,21,21,21,21,21,21,21,21,21,21,21,21,21,21,21,21,21,21,21,22,22,22,22,22,22,23,23,23,23,23,23,23,23,23,23,23,23,23,23,23,23,23,23,23,23,23,23,23,23,23,23,23,23,23,23,23,23,23,23,23,23,23,23,23,23,23,23,23,23,23,23,23,23,23,23,23,23,24,24,24,24,24,24,24,24,24,24,24,24,27,33
57,Columbia,Columbia town,5385,0,1,1,1,2,2,2,2,2,2,2,2,2,2,3,3,3,3,3,3,3,3,4,5,5,5,5,6,6,6,5,6,6,7,7,7,7,7,12,12,12,12,12,14,14,14,15,15,15,16,16,16,17,17,16,18,17,17,18,19,19,20,21,22,21,21,21,22,22,22,22,22,22,22,23,23,23,23,23,23,23,23,23,23,23,23,23,23,23,23,23,23,23,23,23,23,23,23,24,24,24,24,24,24,25,25,25,25,25,25,25,26,26,26,27,27,27,27,28,28,28,28,28,28,28,28,28,28,28,28,28,28,28,28,29,29,29,29,29,29,29,29,29,29,29,29,29,29,29,29,29,29,29,29,29,29,29,29,29,29,29,29,29,29,29,29,29,29,29,30
58,Coventry,Coventry town,12414,0,1,3,3,3,4,4,4,4,4,4,5,5,5,6,6,7,7,8,9,9,11,12,13,16,17,17,17,19,20,20,22,24,25,26,25,26,25,25,25,25,25,26,26,27,28,28,28,29,30,32,31,32,33,34,34,34,35,35,37,37,38,38,39,38,40,40,40,40,39,40,41,41,41,42,41,41,41,41,41,41,41,41,41,41,41,43,43,43,43,43,43,43,43,43,43,45,45,45,45,44,44,44,44,46,46,46,47,47,47,47,47,47,48,48,48,48,48,48,48,48,48,49,49,49,49,49,52,52,53,53,53,53,54,54,54,54,54,54,55,56,56,56,56,56,56,56,56,56,56,56,56,56,56,56,56,56,56,56,56,56,56,56,56,56,56,56,56,56,24
59,Ellington,Ellington town,16299,0,0,0,0,0,0,1,2,2,4,4,7,7,8,9,10,10,12,12,13,13,13,14,15,16,17,23,22,25,26,27,28,28,27,29,31,31,32,34,34,38,38,37,40,41,42,42,42,41,41,41,43,44,46,49,50,50,53,52,55,55,56,57,57,57,57,58,58,58,59,59,61,62,62,62,62,62,63,65,65,65,66,66,66,66,66,67,67,67,67,67,68,68,68,68,69,69,69,69,69,69,69,69,69,69,70,70,70,70,70,70,69,69,69,69,69,69,69,69,69,69,69,75,75,75,75,75,80,80,80,80,80,80,80,80,80,80,80,80,80,80,80,80,80,80,80,81,81,81,81,81,81,81,81,81,81,81,81,81,81,81,81,81,81,81,81,81,81,83,25
60,Hebron,Hebron town,9482,0,0,0,1,1,1,1,3,3,4,4,4,4,4,5,5,6,7,7,9,9,7,7,7,8,10,10,11,11,11,11,12,15,14,14,14,14,15,15,15,15,15,15,15,17,17,17,17,18,18,18,18,18,18,19,19,19,20,20,21,21,22,22,23,22,22,22,22,23,23,24,25,26,26,26,26,26,27,27,28,28,28,28,28,28,28,28,27,27,27,27,27,27,27,27,27,27,27,28,28,28,29,29,29,29,29,29,29,29,29,29,29,29,29,29,29,29,29,29,29,29,29,30,30,30,32,32,32,32,33,33,33,33,33,33,33,33,33,33,33,33,33,33,33,33,33,34,34,34,34,34,34,34,34,34,34,34,34,34,34,34,34,34,34,34,34,34,34,36,19
61,Mansfield,Mansfield town,25817,1,1,1,1,1,1,0,1,1,1,1,2,2,2,2,3,4,5,5,6,6,6,7,6,7,9,9,9,10,9,10,11,14,16,16,17,17,17,20,20,20,20,21,22,22,23,23,24,24,24,24,24,25,25,25,25,26,27,27,27,27,27,27,29,27,28,28,29,29,29,29,31,30,30,30,30,30,31,32,32,32,32,32,32,33,33,34,34,34,34,34,34,34,34,34,35,35,35,35,35,35,35,35,35,37,37,37,37,38,38,38,39,40,40,40,40,40,40,40,40,40,40,40,40,40,40,42,42,43,42,42,42,43,43,44,44,44,44,44,45,44,45,45,45,45,45,44,60,64,65,66,66,66,67,72,73,90,101,105,109,114,116,123,125,126,130,134,138,143,9
62,Scotland,Scotland town,1685,0,0,0,0,0,0,0,0,0,0,0,0,0,0,0,0,0,0,0,0,0,0,0,0,0,0,0,0,0,0,0,0,0,0,0,0,0,0,0,0,0,0,0,0,0,0,0,0,0,0,0,0,0,0,0,0,0,0,0,0,0,0,0,0,0,0,0,0,0,0,0,0,0,0,0,0,0,0,0,0,0,0,0,0,0,0,0,0,0,0,0,0,0,0,0,0,0,0,0,0,0,0,0,0,0,0,0,0,0,0,0,0,0,0,0,0,0,0,0,0,0,0,0,0,0,0,0,0,0,0,0,0,0,0,0,0,0,0,0,0,0,0,0,0,0,0,0,0,0,0,0,0,0,0,0,0,0,0,0,0,0,0,0,0,0,0,0,0,0,0
63,Sterling,Sterling town,3780,0,0,0,0,0,0,0,0,0,0,0,0,0,0,0,2,2,2,2,2,2,2,2,2,2,2,2,2,2,2,2,2,2,2,2,2,2,2,2,2,2,2,2,2,2,2,2,2,2,2,2,2,2,2,2,2,2,2,2,2,2,2,2,2,2,2,2,2,2,2,2,2,2,2,2,2,2,2,2,2,2,2,2,2,2,2,2,2,2,2,2,2,2,2,2,2,2,2,2,2,2,2,2,2,2,2,2,2,2,2,2,2,2,2,2,3,3,3,2,2,2,2,2,2,2,2,2,2,2,2,2,2,2,2,2,3,3,3,3,5,6,6,6,5,5,5,5,5,6,7,7,7,7,7,7,7,7,7,7,7,8,8,8,8,8,8,8,8,8,5
64,Thompson,Thompson town,9395,0,0,0,0,0,0,1,1,1,1,1,1,1,1,3,2,4,4,4,4,4,7,8,8,8,9,10,10,10,10,11,12,13,13,13,13,13,13,16,16,17,17,18,21,21,21,22,23,23,24,24,24,24,24,28,29,29,29,29,29,30,30,30,30,31,32,32,32,33,34,34,34,34,34,35,35,35,35,36,37,38,38,38,38,38,38,38,40,39,39,39,39,39,40,40,40,40,40,40,40,40,40,40,40,41,41,40,40,41,41,41,41,41,41,41,42,42,42,42,42,42,42,42,42,42,42,42,42,42,42,42,42,42,42,42,43,43,43,43,44,44,44,44,44,44,44,44,44,44,43,43,43,43,43,43,43,43,47,47,47,47,47,47,47,48,48,48,48,48,26
65,Windham,Windham town,24706,0,0,0,0,0,0,0,1,2,5,5,6,7,7,7,9,10,12,15,16,16,23,25,25,23,23,25,26,26,29,30,34,37,39,42,44,44,45,53,61,69,74,78,89,92,92,105,106,106,113,119,120,127,130,133,137,139,140,144,152,157,160,164,167,167,169,172,173,175,176,181,181,186,192,201,205,210,211,215,216,226,235,236,237,238,238,239,239,242,246,247,249,249,251,253,254,260,261,262,262,262,266,268,270,272,274,274,275,276,277,278,279,281,281,284,286,286,286,287,288,290,290,290,291,292,294,298,298,298,300,302,304,307,307,307,307,307,308,309,310,313,315,315,316,316,316,318,318,319,319,319,321,323,325,325,326,326,326,327,328,330,331,331,329,330,331,332,333,335,46
66,Woodstock,Woodstock town,7862,2,2,2,2,2,2,3,3,3,5,6,7,7,7,7,7,7,7,8,9,9,9,9,9,9,10,10,10,10,10,10,10,10,11,11,11,11,11,11,11,11,11,11,11,11,11,12,12,12,12,12,12,13,13,13,13,13,13,13,13,13,13,13,13,13,13,13,13,13,13,13,13,13,13,13,13,13,13,15,15,15,15,15,15,16,16,16,16,16,16,16,16,16,16,16,16,16,16,16,16,16,16,16,16,16,16,16,16,16,16,16,16,16,16,16,16,16,16,16,17,17,17,17,17,17,18,18,19,21,25,26,27,29,31,31,31,31,31,31,31,31,31,31,31,31,31,30,30,30,30,30,30,30,30,30,30,30,31,31,31,31,31,31,31,31,31,31,31,31,15
67,Somers,Somers town,10834,0,0,0,0,0,0,0,2,4,4,6,7,8,8,9,11,15,18,17,19,19,20,21,22,26,27,28,28,32,36,48,60,62,63,65,66,66,66,66,67,71,72,101,104,107,110,110,110,111,115,115,116,119,164,222,237,270,280,280,279,279,280,281,283,283,285,285,286,286,286,286,289,289,289,289,290,288,287,287,287,289,289,290,290,289,289,289,289,288,288,288,288,288,287,288,288,288,288,288,288,288,287,287,287,286,285,286,286,285,285,285,286,285,285,284,283,283,283,283,283,281,280,280,280,280,280,281,281,282,288,297,306,317,318,318,317,317,316,315,314,314,313,313,312,312,312,311,311,311,311,311,311,311,310,310,311,311,311,311,311,313,313,312,312,313,313,313,313,316,106
68,Stafford,Stafford town,11884,8,8,11,14,14,14,15,17,17,17,19,21,27,27,28,29,31,33,33,37,37,38,38,46,52,52,52,54,62,62,67,70,71,72,73,80,82,84,83,82,83,83,83,83,83,84,85,85,85,85,85,86,87,87,93,93,93,93,94,95,97,97,97,97,98,98,101,103,103,109,109,108,109,109,110,110,110,110,113,114,115,115,115,115,114,114,114,117,117,117,117,118,118,118,118,118,118,117,118,118,118,118,118,118,120,120,120,120,120,120,120,121,122,122,122,122,122,122,123,123,123,123,123,123,123,124,124,124,126,126,126,126,126,126,127,127,127,127,127,127,127,126,126,125,125,125,125,125,125,125,125,125,125,125,125,125,125,125,125,125,125,125,125,126,126,126,126,126,127,72
69,Tolland,Tolland town,14655,5,5,5,6,6,6,6,6,9,9,9,10,10,11,12,13,15,17,17,20,21,24,24,22,23,24,24,24,26,26,29,33,35,36,36,36,36,36,36,35,36,36,37,36,37,38,38,39,39,39,41,44,45,45,45,46,47,47,47,47,47,47,47,47,47,46,46,46,46,47,47,47,47,47,47,47,47,50,49,49,50,49,49,49,49,49,49,49,49,49,49,49,49,49,48,48,48,48,48,48,49,49,49,49,50,50,50,50,50,50,50,50,50,50,50,50,50,50,51,52,52,51,53,53,53,53,53,53,54,54,54,54,54,54,54,54,54,54,54,54,54,54,54,55,55,55,55,55,56,56,56,56,56,57,57,58,58,58,58,58,58,58,58,60,60,60,60,60,60,27
70,Union,Union town,840,0,0,0,0,0,0,0,0,0,0,0,0,0,0,0,0,0,0,0,0,0,0,0,0,0,0,0,0,0,0,0,0,1,1,1,1,1,1,1,2,2,2,2,2,2,2,2,2,2,2,2,2,2,2,4,4,4,4,4,4,4,4,4,4,4,5,6,6,6,6,5,5,5,5,5,5,5,5,5,5,5,5,5,5,5,5,5,5,5,5,5,5,5,5,5,5,5,5,5,5,5,5,5,5,5,5,5,5,5,5,5,5,5,5,5,5,5,5,5,5,5,5,5,5,5,5,5,5,5,5,5,5,5,5,5,5,5,5,5,5,5,5,5,5,5,5,5,5,5,5,5,5,5,5,5,5,5,5,5,5,5,5,5,5,5,5,5,5,5,24
71,Vernon,Vernon town,29303,1,3,4,5,4,7,8,10,11,13,14,15,20,21,22,24,29,33,40,44,52,60,61,67,74,82,87,90,93,94,99,100,100,104,120,122,122,124,124,132,134,136,142,144,145,145,150,151,151,155,155,156,160,163,170,171,171,170,170,171,171,171,173,175,173,175,175,175,177,179,181,183,184,184,187,187,188,193,193,196,195,194,196,196,196,196,196,195,198,198,198,199,199,200,205,205,207,207,207,207,209,209,209,209,211,211,211,212,212,213,214,216,215,216,216,219,221,223,225,222,224,217,234,234,234,236,236,256,261,262,262,262,263,264,264,264,265,265,265,266,266,267,267,268,269,270,271,271,272,272,272,272,272,273,273,273,274,277,278,279,281,281,281,281,282,282,282,282,283,53
72,Willington,Willington town,5887,0,0,0,0,0,0,1,1,1,1,1,2,2,2,2,2,2,3,3,4,4,4,4,4,4,4,4,4,4,4,4,5,5,5,5,5,5,5,5,5,6,6,6,6,6,6,8,8,8,8,8,9,9,10,11,11,11,11,11,12,12,12,12,12,12,12,12,13,13,13,13,13,13,13,13,13,13,13,13,13,13,13,13,13,14,14,14,14,14,14,14,14,14,15,15,15,15,15,15,15,15,15,15,15,15,15,15,15,15,15,15,15,15,15,15,15,15,15,15,15,15,15,15,15,15,15,15,16,16,16,16,16,16,16,16,16,16,16,16,16,16,16,16,16,16,16,16,16,16,16,16,16,16,16,16,16,16,16,16,16,16,16,16,16,16,16,16,16,17,14
73,Avon,Avon town,18302,1,2,4,4,6,6,6,9,10,10,11,11,11,11,11,12,13,14,15,16,17,19,20,23,26,28,29,30,35,36,37,37,40,43,44,45,44,46,47,52,55,57,60,61,64,64,67,69,71,71,73,73,75,77,81,98,101,104,106,106,105,106,106,106,112,113,116,117,116,117,118,121,122,123,123,124,125,128,131,132,134,134,134,134,134,134,134,140,140,140,140,141,141,141,141,142,142,142,142,142,142,143,143,143,143,143,143,143,143,143,143,143,143,143,143,144,144,144,144,144,145,145,146,146,146,146,146,145,146,147,147,147,148,148,149,149,149,149,149,150,150,150,150,150,150,150,152,152,153,155,155,155,155,157,157,157,158,164,164,164,165,165,166,167,167,167,167,167,168,39
74,Berlin,Berlin town,20432,2,2,3,6,9,10,11,11,11,14,14,16,16,17,23,24,30,35,41,42,42,51,53,53,55,58,62,65,71,74,76,79,83,92,94,99,100,100,105,111,113,113,117,121,124,127,128,128,128,128,129,130,130,130,134,134,135,135,136,137,135,148,149,151,148,150,150,150,150,151,154,152,152,153,154,155,154,154,154,154,154,156,156,156,158,158,160,160,161,162,162,162,162,162,162,163,164,164,164,164,164,164,164,164,164,164,165,165,166,167,168,169,169,169,168,170,170,170,172,172,174,174,178,178,178,178,178,179,179,179,180,181,182,182,182,182,183,183,183,184,185,185,186,186,186,186,186,186,186,188,190,190,190,191,191,192,192,192,192,192,193,194,195,198,198,199,200,201,203,63
75,Bloomfield,Bloomfield town,21301,0,1,1,2,3,6,6,8,11,16,20,25,28,33,41,47,60,67,75,77,79,88,99,108,127,136,153,155,189,192,201,205,215,227,233,241,247,252,265,282,293,296,302,305,310,314,326,338,343,351,358,368,374,381,410,416,424,431,436,439,441,444,470,471,472,475,476,477,482,485,488,486,488,486,486,489,493,488,493,492,492,494,494,494,494,494,496,497,502,503,503,504,505,504,505,509,513,513,514,515,517,518,518,518,517,517,520,519,519,520,521,522,521,522,523,524,524,524,525,525,526,523,529,530,531,532,533,537,537,541,541,541,543,544,544,543,544,544,544,544,547,547,547,546,546,546,545,545,545,545,546,547,548,550,550,556,556,557,557,557,559,560,561,562,564,566,568,570,572,165
76,Bristol,Bristol town,60032,0,1,2,2,7,8,9,9,9,15,18,24,26,27,40,57,67,95,104,137,145,169,177,180,213,224,238,241,271,281,288,291,300,314,321,333,337,343,360,380,395,399,406,420,424,426,434,442,439,443,452,469,483,489,495,500,508,512,514,516,517,520,521,526,525,536,547,552,553,555,559,562,564,567,571,576,575,571,573,576,579,583,583,584,583,583,584,589,590,590,590,600,604,606,607,606,608,608,608,609,609,610,611,612,614,615,616,616,617,617,617,617,617,621,625,626,627,628,630,633,638,638,643,644,645,647,646,645,645,646,647,648,650,651,652,653,654,654,654,653,653,653,654,654,654,654,655,654,653,654,663,664,665,666,667,674,675,677,680,683,687,687,686,687,687,688,689,690,693,74
77,Burlington,Burlington town,9665,1,1,1,1,3,4,4,4,5,5,5,6,6,6,6,6,7,9,11,12,12,13,14,14,14,15,15,15,18,18,18,18,18,19,19,19,19,18,18,18,18,18,18,18,19,19,19,20,20,20,20,21,21,21,21,21,21,21,21,21,21,21,21,22,22,23,23,24,24,24,24,24,24,24,24,24,24,24,24,24,24,24,24,24,24,24,24,25,25,25,25,25,25,26,26,26,26,25,25,25,25,25,25,25,25,25,25,26,26,26,26,27,27,27,28,28,28,28,30,31,30,30,30,30,30,31,31,32,33,34,34,34,33,33,33,33,35,35,35,36,36,36,36,37,37,37,37,37,37,37,37,37,37,38,38,40,40,40,40,40,40,40,40,40,40,40,40,40,41,21
78,Canton,Canton town,10270,0,0,0,0,0,0,1,1,1,2,2,2,2,2,2,5,6,7,7,8,10,12,13,22,22,24,25,25,44,44,45,46,47,48,51,52,53,56,58,65,65,66,66,66,67,67,67,68,67,67,68,71,73,75,77,77,77,77,78,78,79,79,79,80,82,82,83,83,83,83,92,92,92,92,92,92,93,92,93,94,94,94,94,94,94,94,94,93,93,93,93,93,93,93,93,93,93,93,93,93,93,93,93,93,93,93,93,93,93,93,93,93,93,93,94,94,94,94,94,94,94,94,95,95,95,95,95,95,95,95,95,95,95,95,95,95,95,95,95,95,95,95,95,95,95,95,95,95,95,95,95,95,95,96,96,98,98,99,99,99,100,100,100,100,100,100,100,100,100,65
79,East Granby,East Granby town,5147,0,0,0,1,1,1,1,1,1,1,2,2,2,2,2,2,2,2,2,2,2,2,2,2,2,3,3,3,3,3,4,4,5,5,5,5,4,4,4,4,4,5,6,6,7,7,7,7,7,7,7,7,7,7,7,7,7,8,8,8,8,8,8,8,8,9,9,9,9,9,9,9,9,9,9,9,9,9,9,9,9,9,9,9,9,9,9,9,9,9,9,9,9,9,9,9,9,10,10,10,10,10,10,10,10,10,10,10,10,10,10,10,10,10,10,11,11,11,11,11,12,12,12,12,11,11,11,11,11,11,11,11,12,12,12,12,12,12,12,12,12,12,12,12,12,12,12,12,12,12,12,12,12,12,12,12,12,12,12,12,12,13,13,13,13,13,13,13,13,14
80,East Hartford,East Hartford town,49998,1,2,4,4,3,5,11,17,21,23,26,34,39,40,48,60,79,86,92,102,111,137,145,152,188,205,222,233,260,274,285,301,337,363,392,417,423,440,458,474,482,488,499,514,521,530,546,557,558,564,581,596,604,618,669,681,687,704,706,714,719,751,764,766,775,782,785,785,793,797,802,809,815,819,819,824,825,828,835,838,839,841,842,840,850,850,864,866,867,867,868,868,868,871,875,879,881,885,890,893,894,893,894,895,898,900,899,901,903,905,907,910,910,911,912,913,913,913,915,915,919,920,932,933,934,937,940,958,961,960,960,960,961,962,963,965,965,966,967,968,972,973,974,974,976,978,980,980,980,980,981,985,989,993,993,1005,1011,1030,1033,1036,1040,1044,1048,1056,1060,1063,1066,1069,1072,113
81,East Windsor,East Windsor town,11375,0,0,0,0,0,0,0,0,2,2,2,3,4,4,4,4,8,10,11,11,13,18,21,21,20,20,20,21,21,21,22,27,33,35,36,39,40,41,46,51,52,53,57,59,60,64,72,82,84,118,118,126,126,129,137,139,138,138,140,140,142,142,140,140,141,143,145,145,146,151,149,149,151,154,156,157,157,157,157,157,157,157,157,157,157,157,157,157,157,157,157,156,156,157,157,157,157,157,157,157,157,157,157,157,158,158,158,158,158,159,160,161,161,161,161,161,161,161,161,161,162,162,164,164,164,164,163,166,167,167,168,169,172,172,173,173,172,173,174,176,176,176,175,175,175,175,177,177,177,178,178,189,200,212,212,212,212,212,212,212,212,212,212,212,212,212,212,212,215,104
82,Enfield,Enfield town,44466,1,1,1,6,10,12,16,20,24,33,38,41,44,45,50,69,89,99,108,117,125,133,141,153,164,172,184,219,223,226,232,244,260,272,276,278,282,283,287,299,308,309,320,324,332,335,340,342,342,345,353,356,362,371,394,396,396,403,403,409,410,410,409,411,411,413,415,418,417,434,431,430,430,431,434,436,437,437,439,447,546,577,594,594,593,593,593,593,594,595,595,595,595,596,596,599,599,599,601,601,602,602,602,602,603,605,605,607,607,607,607,609,610,611,613,613,613,613,614,616,620,620,620,620,620,620,621,621,622,672,672,672,673,674,674,674,674,674,674,674,675,675,675,676,676,676,677,676,676,680,682,692,702,713,713,714,717,720,721,722,723,724,725,726,726,726,726,726,729,78
83,Farmington,Farmington town,25506,3,5,8,8,11,11,12,15,15,15,16,20,21,23,30,33,35,47,51,56,56,56,57,60,60,62,65,65,90,96,97,108,127,131,147,148,148,150,155,159,161,161,159,161,163,163,164,165,166,169,171,172,175,179,183,186,187,188,188,188,189,190,192,193,191,194,194,194,195,194,194,194,195,194,195,195,198,199,197,201,202,206,207,207,208,208,208,210,210,210,209,211,211,211,212,213,213,213,214,214,215,215,215,215,215,215,215,216,216,216,216,218,218,222,221,223,223,223,224,222,224,223,227,227,227,229,230,229,229,230,230,230,231,230,232,232,231,232,233,234,234,236,235,235,235,235,237,237,237,239,238,238,238,239,238,240,240,241,241,241,242,243,243,244,245,245,245,245,247,66
84,Glastonbury,Glastonbury town,34491,5,6,7,8,8,8,11,12,12,13,14,18,20,21,26,35,38,43,49,58,59,69,72,84,86,90,98,106,124,131,133,137,142,149,152,157,158,161,170,182,184,187,192,197,203,211,212,215,216,219,225,233,235,235,242,246,248,252,252,258,259,257,264,272,268,269,272,274,272,276,275,278,277,277,281,281,280,283,291,290,293,294,295,295,295,295,296,297,298,298,298,298,298,298,300,300,300,300,299,299,299,298,298,298,297,298,299,301,300,300,300,302,302,302,301,306,306,306,306,306,309,310,312,312,312,313,313,315,315,316,317,318,319,319,320,320,321,321,321,321,321,321,321,323,323,323,322,322,322,322,322,324,326,329,330,332,335,341,341,341,343,342,343,344,345,346,347,348,349,63
85,Granby,Granby town,11375,0,0,0,0,0,0,0,0,1,1,1,1,2,2,3,3,7,7,7,7,7,7,8,7,7,7,7,8,8,8,8,8,9,10,13,13,13,13,13,13,14,14,14,16,16,16,16,17,17,17,17,18,18,18,20,20,19,19,20,21,21,21,21,20,20,20,20,20,20,21,21,20,20,20,20,20,20,20,20,20,21,21,21,21,21,21,21,21,21,21,21,21,21,21,21,21,21,21,21,22,22,22,23,24,26,27,27,27,27,27,27,27,27,27,28,28,28,28,28,28,28,27,27,27,27,28,29,29,29,32,32,32,32,32,32,33,33,33,33,33,32,32,34,34,34,34,34,34,34,34,34,34,34,34,34,34,34,34,34,34,35,35,35,36,36,36,36,36,36,15
86,Hartford,Hartford town,122587,11,14,20,21,21,28,39,49,65,74,90,125,125,125,147,165,227,270,300,357,366,432,458,492,537,567,591,616,704,724,751,783,821,848,898,924,943,991,1025,1105,1154,1167,1217,1257,1338,1384,1446,1505,1529,1571,1618,1651,1705,1733,1885,1952,1977,2028,2036,2073,2087,2104,2155,2169,2194,2215,2231,2248,2250,2293,2313,2329,2333,2349,2383,2420,2439,2439,2451,2460,2466,2472,2473,2478,2487,2487,2502,2507,2519,2521,2521,2524,2526,2533,2550,2556,2567,2575,2581,2592,2595,2600,2608,2616,2626,2627,2634,2643,2653,2658,2663,2668,2669,2672,2682,2687,2690,2693,2698,2704,2711,2715,2765,2768,2771,2776,2779,2827,2835,2846,2848,2850,2852,2855,2859,2861,2865,2866,2867,2868,2871,2872,2883,2883,2895,2907,2921,2918,2919,2921,2930,2940,2950,2960,2960,2977,2985,3002,3012,3022,3032,3037,3047,3054,3056,3059,3062,3065,3071,128
87,Hartland,Hartland town,2120,0,0,0,0,0,0,0,0,0,0,0,0,0,0,0,0,0,0,0,0,0,0,0,1,1,1,1,1,1,1,4,4,4,5,5,5,5,5,5,5,5,5,5,5,5,5,5,5,5,5,5,5,5,5,5,6,6,6,6,6,6,6,6,6,6,6,6,6,6,6,6,6,6,6,6,6,6,6,6,6,6,6,6,6,6,6,6,7,7,7,7,6,6,6,6,6,6,6,6,6,6,6,6,6,6,6,6,6,6,6,6,6,6,6,6,6,6,6,6,6,6,6,6,6,6,6,6,6,6,6,6,6,6,6,6,6,6,6,6,6,6,6,6,6,6,6,6,6,6,6,6,6,6,6,6,6,6,6,6,6,6,6,6,6,6,6,6,6,6,24
88,Manchester,Manchester town,57699,5,5,6,8,12,12,16,19,23,28,36,51,61,62,80,87,103,110,120,134,136,152,159,167,194,204,214,228,249,254,262,278,290,299,313,316,322,326,334,345,355,360,366,387,403,421,425,431,433,449,455,488,514,523,537,547,555,566,572,589,592,603,613,617,620,633,638,639,640,643,646,647,651,655,657,659,660,667,671,682,691,705,703,706,704,704,710,716,717,718,719,726,726,734,736,740,741,746,750,752,755,755,757,759,763,764,765,769,772,773,774,776,775,777,780,780,781,782,783,785,784,784,794,794,794,796,797,795,796,799,800,801,802,803,806,807,807,807,807,809,810,808,810,811,812,813,815,814,813,815,815,819,823,828,828,837,838,839,840,841,843,846,845,844,844,844,844,844,847,78
89,Marlborough,Marlborough town,6358,0,0,0,0,2,2,2,2,2,3,3,3,5,5,5,5,7,8,9,9,10,13,14,15,15,16,17,19,22,22,26,29,32,32,36,37,37,40,40,40,40,40,41,42,42,42,43,43,43,43,45,46,47,48,49,49,49,50,51,52,54,58,61,61,64,73,73,74,75,78,81,81,83,83,83,85,85,85,85,85,85,86,87,86,87,87,88,88,88,88,89,90,90,90,90,90,90,91,91,91,95,95,95,95,95,96,96,96,96,96,96,96,96,99,100,100,100,100,100,100,101,101,101,101,101,101,101,101,101,101,101,101,102,102,102,102,102,102,102,102,102,102,102,102,102,102,102,102,102,102,102,102,102,102,102,102,102,102,102,102,102,102,102,102,103,103,103,103,103,68
90,New Britain,New Britain town,72453,2,5,6,8,11,15,20,26,27,32,36,48,49,49,57,66,87,94,102,123,136,166,176,185,202,217,239,252,284,291,304,325,345,364,377,402,409,423,452,498,522,527,549,564,594,619,647,655,659,679,711,731,741,752,766,783,793,815,825,871,874,893,915,925,931,938,942,953,958,971,979,986,992,993,997,994,998,1003,1009,1010,1015,1021,1023,1029,1035,1035,1037,1038,1044,1049,1050,1052,1052,1055,1059,1062,1069,1078,1085,1087,1089,1090,1093,1096,1100,1101,1102,1104,1102,1104,1106,1109,1109,1112,1115,1122,1123,1124,1125,1128,1136,1136,1185,1187,1189,1192,1194,1226,1231,1233,1234,1235,1238,1241,1245,1247,1249,1253,1257,1262,1265,1266,1267,1272,1275,1278,1282,1281,1286,1288,1288,1294,1300,1308,1310,1318,1323,1340,1342,1344,1346,1347,1349,1352,1364,1373,1382,1391,1403,94
91,Newington,Newington town,30112,4,8,9,10,14,19,21,24,26,28,28,32,34,35,37,42,47,51,60,63,66,83,84,91,112,117,126,131,148,151,160,167,169,173,185,189,190,197,208,214,218,218,224,224,231,237,247,252,271,275,287,293,300,309,318,321,323,327,327,333,334,339,338,344,340,344,345,346,351,357,378,379,380,382,383,384,387,387,391,391,393,393,395,394,394,394,395,394,395,395,395,394,394,394,394,395,394,394,395,395,394,394,394,394,395,397,398,399,401,401,401,403,403,405,405,406,406,406,405,404,404,405,407,407,407,408,409,409,410,411,411,411,413,413,413,413,413,413,413,415,416,416,416,416,416,416,418,418,419,419,422,423,424,425,425,426,426,427,427,427,429,429,431,433,436,438,440,442,445,91
92,Plainville,Plainville town,17623,1,1,1,1,3,3,5,7,7,7,10,11,11,11,13,16,19,23,29,31,31,41,42,44,50,55,60,61,69,74,77,80,85,91,93,94,95,96,98,104,109,109,109,112,113,114,115,118,121,122,122,123,125,125,127,128,131,132,133,132,134,134,137,138,137,138,139,140,140,143,147,149,159,159,160,160,160,160,158,161,161,161,162,162,162,162,165,169,170,171,171,172,172,173,173,174,174,174,175,175,175,175,175,175,175,175,175,175,175,175,175,177,177,177,177,177,177,177,177,177,178,178,180,180,180,180,180,180,180,181,181,181,181,181,180,180,180,180,180,180,180,180,180,181,181,181,182,182,182,181,179,179,179,179,179,180,180,181,181,181,181,181,181,181,182,182,182,182,183,69
93,Rocky Hill,Rocky Hill town,20145,8,8,8,9,11,14,14,15,17,20,22,26,28,29,31,45,50,58,62,63,65,77,84,101,104,108,121,130,159,169,180,184,199,202,205,214,215,217,225,228,232,234,242,257,268,272,282,286,289,294,303,312,322,333,352,357,357,363,364,368,373,376,375,377,376,380,380,383,385,394,392,394,396,403,403,403,404,403,405,405,405,405,405,405,406,406,405,407,409,411,413,413,413,413,413,416,416,416,420,421,423,421,421,421,422,422,423,424,424,424,424,424,424,424,425,425,425,425,426,426,427,429,431,431,431,432,431,439,434,434,434,434,435,435,435,435,436,437,438,439,440,441,443,443,444,445,448,448,448,448,448,449,450,452,452,453,453,454,454,454,454,454,454,454,454,454,454,454,456,146
94,Simsbury,Simsbury town,24979,0,0,3,3,4,5,5,5,7,9,9,9,10,10,11,15,21,21,22,22,22,33,35,41,42,43,45,47,56,56,59,59,60,61,62,63,63,67,69,74,75,76,77,78,81,83,85,86,87,87,88,89,96,99,103,104,105,106,107,108,109,109,109,110,109,108,109,109,108,110,109,109,110,110,110,110,111,110,110,111,111,111,111,111,111,111,112,111,111,111,112,113,113,113,114,122,122,124,124,124,129,129,129,129,130,132,133,134,134,134,134,136,136,137,138,138,138,138,139,139,139,128,133,133,133,135,135,135,135,135,136,137,138,138,138,138,138,138,138,138,140,140,140,141,141,141,142,142,142,143,143,143,143,145,144,146,146,146,146,146,147,147,149,149,149,149,149,149,150,35
95,Southington,Southington town,43807,3,6,8,8,13,16,16,16,19,25,27,33,37,37,41,49,58,66,72,83,85,89,93,97,104,106,113,119,129,133,139,144,153,155,157,160,160,164,173,182,188,190,196,204,209,210,216,216,222,228,246,253,260,264,268,267,269,275,285,288,293,296,296,300,298,304,309,311,311,316,318,325,324,323,323,323,323,323,325,325,325,329,329,331,331,331,334,334,335,335,336,335,335,337,337,337,337,340,340,340,341,341,341,341,343,343,343,344,344,344,344,346,346,346,346,347,347,347,347,347,348,348,350,350,350,351,352,354,354,354,355,356,359,359,360,360,361,361,361,361,362,362,362,363,364,365,368,368,369,371,371,371,371,371,371,374,376,377,377,377,379,379,381,382,385,387,389,391,393,52
96,South Windsor,South Windsor town,26054,2,3,3,4,4,4,7,8,9,10,12,15,14,14,16,18,22,27,28,30,32,37,37,41,46,48,47,48,57,57,65,69,74,75,78,80,80,82,83,91,95,93,97,102,106,110,111,114,114,118,120,122,125,125,129,131,132,133,133,134,136,136,136,136,138,140,141,143,139,147,146,148,147,147,149,149,149,151,154,155,155,158,160,160,162,162,164,164,166,166,166,166,166,167,168,169,169,169,169,169,169,171,171,171,170,170,170,170,171,171,170,169,169,169,170,169,170,170,170,170,170,170,171,171,171,171,171,173,173,173,173,173,173,173,173,173,173,173,173,172,172,172,172,172,172,172,172,172,172,173,173,173,173,174,174,175,175,176,176,176,177,178,180,181,181,181,181,181,181,45
97,Suffield,Suffield town,15743,2,2,4,6,7,7,7,7,9,14,18,19,20,20,20,23,27,29,30,35,37,40,41,43,66,67,68,69,73,78,80,81,83,84,85,86,87,87,89,94,94,94,93,93,94,93,93,93,94,94,93,94,95,96,102,105,107,111,111,113,112,112,112,112,112,113,114,114,114,119,120,119,120,120,128,128,128,128,130,131,131,136,136,135,134,134,134,135,135,135,135,135,135,135,135,140,141,142,142,143,143,145,145,145,146,147,147,148,156,156,156,156,157,157,158,158,158,158,158,159,160,160,162,162,162,163,163,163,163,163,163,163,164,164,164,164,164,164,164,164,164,164,165,165,165,165,164,164,164,164,164,165,166,167,167,167,167,168,174,180,186,187,188,188,191,191,191,191,192,60
98,West Hartford,West Hartford town,62939,3,6,6,6,9,9,9,12,20,23,24,36,36,36,43,51,66,69,75,88,92,114,121,142,154,162,168,174,192,197,216,222,238,249,267,284,285,300,311,332,336,341,347,352,353,357,366,373,386,390,396,404,414,433,453,499,505,512,520,527,550,570,574,580,580,583,585,588,655,663,669,673,673,674,675,677,676,675,677,677,676,676,676,677,680,680,683,682,681,681,682,684,684,686,688,689,689,692,699,701,702,704,704,704,705,708,711,713,714,715,716,717,716,719,725,725,726,727,728,729,732,735,756,756,756,758,758,777,780,781,782,783,784,785,787,789,790,790,790,790,794,795,799,801,802,803,804,804,804,805,805,806,807,810,811,814,815,818,821,824,828,832,834,838,843,843,843,843,846,62
99,Wethersfield,Wethersfield town,26082,1,2,3,3,6,8,10,12,15,18,22,25,24,26,30,35,35,40,44,52,59,69,71,71,77,83,85,86,94,98,104,107,117,117,125,134,137,138,145,156,166,169,172,173,177,180,187,192,196,197,202,206,208,210,220,225,227,231,229,229,231,233,239,240,241,246,247,249,248,249,249,248,248,248,250,251,250,252,253,252,252,252,252,252,252,252,253,254,253,252,253,253,253,253,253,252,252,252,251,252,252,252,252,252,253,253,255,255,255,255,255,254,254,254,254,254,254,254,254,254,255,256,258,259,260,260,260,263,263,265,266,267,268,268,269,270,273,273,273,274,276,276,276,277,277,277,279,279,279,279,279,279,279,278,278,282,283,284,284,284,284,286,288,288,287,287,287,287,289,76
100,Windsor,Windsor town,28760,3,4,2,2,2,2,2,2,4,7,7,6,8,51,54,57,64,68,73,79,81,102,111,136,147,152,155,157,200,213,224,233,248,261,281,283,285,305,316,329,332,337,347,352,356,360,365,367,372,376,383,391,398,423,445,468,471,489,495,507,513,519,529,530,532,539,542,545,546,551,555,558,559,560,560,561,560,562,565,565,570,571,573,573,573,573,577,578,578,578,578,580,580,582,574,576,577,577,578,580,580,581,581,581,583,582,583,585,585,585,585,584,585,586,587,588,588,588,588,590,590,590,593,593,593,594,594,597,596,598,599,600,601,600,602,603,603,604,605,606,605,603,604,605,605,605,607,607,607,607,607,607,607,607,608,611,614,615,616,617,619,619,619,621,621,622,623,624,627,131
101,Windsor Locks,Windsor Locks town,12876,2,2,6,7,9,13,15,19,20,21,26,37,43,8,11,14,16,16,16,18,18,21,22,24,24,25,25,27,29,29,31,33,36,37,39,40,43,43,42,44,47,47,53,60,70,74,74,77,79,81,86,87,88,91,94,94,95,98,97,98,101,101,102,106,109,109,110,111,110,111,112,116,116,116,116,117,118,118,118,117,117,117,117,117,117,117,117,117,117,117,117,117,117,117,117,117,117,117,118,119,119,119,119,119,119,119,119,119,119,119,119,120,120,121,121,123,123,123,124,125,125,126,133,134,135,136,135,135,135,135,135,135,134,134,133,133,133,133,133,134,135,136,136,136,136,136,137,137,137,137,137,137,137,138,138,139,138,138,138,138,140,140,140,140,140,140,140,140,141,63
102,Chester,Chester town,4229,0,0,0,0,0,0,0,0,1,1,1,2,2,8,9,9,12,17,19,21,19,20,22,28,28,28,28,31,31,32,32,33,32,32,34,36,37,37,37,37,40,40,41,42,41,41,40,41,41,42,42,42,42,42,42,44,45,45,45,46,46,47,47,47,46,46,46,46,46,46,47,46,46,45,45,45,45,45,45,45,45,45,45,45,46,46,46,46,46,46,46,46,46,46,46,46,46,46,46,46,46,46,46,46,46,46,46,46,47,47,47,47,47,47,47,47,47,47,47,47,47,47,46,46,46,46,46,46,46,46,46,46,46,46,46,46,46,46,46,46,46,46,46,46,46,46,47,47,47,47,47,47,47,48,48,49,49,49,49,49,49,49,49,49,49,49,49,49,50,99
103,Clinton,Clinton town,12950,1,1,2,4,5,5,5,5,7,8,7,7,7,7,8,11,13,15,16,18,20,23,22,23,23,25,25,26,26,26,27,27,28,28,28,28,28,28,29,30,29,29,32,33,33,33,37,37,38,40,40,40,41,43,44,46,49,49,49,50,51,51,51,51,51,52,52,52,52,52,52,53,53,53,53,54,54,54,54,54,55,55,56,56,55,55,55,57,57,57,57,57,57,57,57,59,60,60,60,60,60,60,60,60,62,62,62,62,62,62,62,62,62,62,62,62,62,62,62,62,63,63,63,63,63,63,63,63,63,63,63,63,64,64,64,64,65,65,65,66,67,67,68,68,68,68,70,69,69,69,69,69,69,69,69,69,69,70,70,70,70,70,70,70,70,70,70,70,71,31
104,Cromwell,Cromwell town,13905,1,1,1,1,1,3,4,4,5,7,7,9,9,11,14,15,17,18,21,24,26,26,28,28,29,31,34,34,34,34,40,42,43,46,49,51,53,57,61,64,76,76,80,82,83,84,85,86,86,88,90,90,91,90,96,96,96,97,98,99,100,104,106,107,108,112,112,115,115,118,123,123,123,123,122,123,124,124,124,125,126,128,129,129,129,129,129,131,132,133,133,134,134,134,135,135,135,136,136,135,135,135,135,135,135,135,136,137,137,137,137,137,137,138,138,138,138,138,139,139,139,139,140,140,140,141,141,141,141,141,141,141,141,141,143,142,142,142,142,144,143,144,143,144,144,144,146,146,146,146,146,146,146,146,146,146,146,146,146,146,146,146,147,147,147,147,147,147,147,63
105,Deep River,Deep River town,4463,1,1,1,1,2,2,2,3,3,3,4,4,4,4,5,5,5,5,7,7,7,7,7,8,8,8,8,8,8,8,8,8,8,8,8,8,8,8,8,8,9,9,8,7,7,7,7,7,7,7,7,7,7,7,7,7,8,8,8,8,8,8,8,8,9,9,9,9,9,10,13,13,13,13,13,14,14,14,14,14,14,14,14,14,14,14,14,14,14,14,14,14,14,14,14,14,14,15,15,15,15,15,15,15,15,15,15,15,15,15,15,15,15,15,15,16,16,16,15,15,15,15,15,15,15,15,15,15,15,15,15,15,16,16,16,16,16,16,16,17,17,17,17,17,17,17,17,17,17,17,17,17,17,17,17,17,17,17,17,17,17,17,18,18,18,18,18,18,18,16
106,Durham,Durham town,7195,0,0,0,1,1,1,1,1,1,2,3,4,4,4,6,7,8,8,9,15,15,17,16,16,16,15,16,16,18,18,18,18,18,19,19,19,19,19,19,21,21,21,23,23,23,25,25,25,25,26,26,26,27,27,28,28,29,29,29,29,29,29,29,30,30,31,31,32,32,33,33,32,32,33,34,34,34,34,34,34,35,35,35,35,35,35,37,37,37,37,37,38,38,38,39,39,40,40,40,40,39,39,39,39,39,39,40,40,40,40,40,41,41,42,43,43,43,43,43,44,46,46,46,46,46,46,46,46,46,46,46,46,46,46,46,46,46,46,46,48,48,47,48,48,48,48,48,48,48,48,49,49,49,50,50,50,50,50,50,50,51,52,51,51,52,52,52,52,53,36
107,East Haddam,East Haddam town,8988,0,0,0,0,0,0,1,2,2,2,2,5,5,5,5,5,5,6,6,7,7,8,8,9,9,9,9,9,10,10,10,10,10,9,9,9,9,9,9,9,9,10,10,10,11,11,11,11,11,10,10,10,10,10,10,10,10,12,12,12,12,12,12,13,12,14,16,17,17,17,17,17,18,18,18,18,18,19,19,19,19,19,19,19,17,17,17,17,17,17,17,17,17,17,17,17,17,17,17,17,17,17,17,17,18,18,18,18,18,18,18,19,19,19,19,20,20,20,20,20,20,20,20,20,20,20,20,20,20,20,20,20,21,21,21,21,21,21,21,21,20,20,21,21,21,21,22,22,22,22,22,24,26,28,28,28,28,28,28,28,27,28,28,28,28,28,28,28,29,11
108,East Hampton,East Hampton town,12854,1,1,2,1,1,2,3,3,3,4,4,4,4,4,5,6,6,5,5,7,8,12,14,15,18,18,19,20,23,23,23,26,27,28,29,30,30,30,31,33,33,33,33,33,34,35,35,35,35,35,37,38,40,40,40,41,41,41,40,40,41,41,41,41,41,43,42,42,42,43,43,43,45,45,44,44,44,44,44,44,45,45,46,46,47,47,47,48,48,48,48,49,49,49,49,49,49,49,49,49,49,49,49,49,49,49,49,50,50,50,50,50,50,51,51,52,52,52,52,52,52,52,53,53,52,52,52,52,52,52,52,52,54,55,55,55,55,55,55,55,55,55,55,55,55,55,55,55,55,55,55,55,55,55,55,55,55,57,57,57,59,59,59,59,62,62,62,62,62,27
109,Essex,Essex town,6674,0,0,0,0,0,0,1,2,2,2,2,2,3,4,5,5,6,7,7,7,7,7,7,7,8,10,10,11,13,14,14,14,14,14,14,14,14,15,15,15,16,16,16,16,16,15,16,17,17,17,17,17,17,19,20,20,20,20,20,20,20,23,23,23,23,22,22,22,22,23,24,24,25,25,25,25,26,30,30,31,31,33,34,34,34,34,39,39,39,39,39,39,40,41,42,42,42,42,43,43,48,48,48,48,50,50,50,50,50,50,50,50,50,50,50,51,51,51,51,51,51,48,48,48,48,48,48,48,48,48,48,48,48,48,48,48,48,48,48,48,48,48,48,48,48,48,49,49,49,49,49,49,49,49,50,50,51,52,52,52,53,53,53,53,54,54,54,54,55,25
110,Haddam,Haddam town,8222,1,1,1,1,1,1,1,1,1,1,1,2,2,2,2,2,3,4,5,7,7,9,11,11,13,14,14,15,16,16,17,17,17,18,18,18,19,19,20,20,21,21,22,22,23,24,24,24,24,24,24,24,26,26,26,26,26,26,26,26,26,26,25,26,26,28,28,29,29,32,31,30,30,30,30,30,30,29,30,30,30,29,29,29,29,29,29,29,29,29,29,29,29,29,29,29,29,29,29,29,30,30,30,30,30,30,31,30,30,30,30,30,30,30,30,30,30,30,30,30,30,30,31,32,33,34,35,35,35,35,35,35,35,35,35,35,35,35,35,35,35,36,36,37,37,37,37,37,37,37,38,38,38,39,39,39,40,41,41,41,42,44,44,44,45,45,45,45,45,29
111,Killingworth,Killingworth town,6370,1,1,1,1,1,1,1,1,1,1,1,1,1,1,1,1,1,1,1,2,3,3,4,5,8,8,9,9,10,11,11,11,11,11,12,12,12,12,13,13,12,12,12,12,13,13,13,13,12,12,12,12,12,12,12,12,12,12,12,13,13,13,13,13,13,13,14,14,14,14,14,14,14,14,14,14,14,14,14,14,14,14,14,14,13,13,13,13,13,13,13,13,13,13,13,13,13,13,13,13,13,13,13,13,14,14,15,15,15,15,15,15,15,15,15,15,15,15,15,15,15,16,16,16,16,16,16,16,16,16,16,16,16,16,16,16,16,16,16,16,16,16,16,16,16,16,17,17,17,17,17,17,17,17,17,17,17,17,17,17,17,17,17,17,17,17,17,17,17,19
112,Middlefield,Middlefield town,4380,0,0,0,0,0,0,0,1,1,1,2,2,2,2,2,2,2,3,5,6,6,7,7,7,7,7,7,8,7,7,8,9,10,10,10,10,9,9,10,11,12,13,13,13,14,14,14,15,15,15,15,15,15,15,15,15,15,15,15,15,15,15,15,16,16,18,18,18,18,18,18,17,17,17,17,17,17,17,17,18,18,18,18,18,18,18,18,18,18,18,18,18,18,18,18,18,18,18,18,18,18,18,18,18,18,18,18,18,18,18,18,18,18,18,18,18,18,18,18,18,18,18,18,18,18,18,18,18,18,18,18,18,19,19,19,19,19,19,19,19,19,20,20,20,20,20,20,20,20,20,20,20,20,20,20,20,20,20,20,20,20,20,20,20,20,20,20,20,20,34
113,Middletown,Middletown town,46146,1,1,2,3,6,6,12,18,19,24,29,35,42,42,52,56,64,77,94,117,120,142,151,163,168,186,200,207,218,242,245,255,266,274,277,293,295,303,320,338,341,344,352,358,374,381,390,395,396,410,420,442,453,463,464,486,490,501,507,521,524,526,527,533,531,538,543,549,549,567,565,573,574,572,576,580,578,580,580,586,587,591,590,593,597,597,598,601,604,604,604,613,613,615,616,617,620,620,627,627,627,623,624,625,628,628,631,631,632,632,632,634,635,636,638,639,639,639,641,641,639,640,643,644,645,647,647,648,649,650,651,652,653,653,656,656,656,656,656,658,661,659,660,660,661,662,663,663,663,663,663,663,663,662,663,663,662,665,666,667,669,675,677,678,686,687,688,689,693,89
114,Old Saybrook,Old Saybrook town,10087,0,0,3,3,4,4,4,5,5,5,5,5,5,5,7,8,9,11,13,15,16,16,16,16,16,17,19,18,18,17,17,19,19,19,20,20,20,20,20,21,22,22,23,23,23,23,23,24,24,25,25,27,28,28,29,29,30,32,32,33,33,33,33,34,66,68,68,69,69,80,82,82,85,90,91,92,92,95,99,101,102,103,105,105,105,105,106,107,107,107,107,108,108,108,109,110,110,110,110,110,111,112,112,112,113,112,114,114,114,114,114,115,115,115,116,116,116,116,116,116,116,115,115,115,115,115,115,115,116,115,115,115,116,116,116,116,116,116,116,117,118,118,118,120,120,120,119,119,120,121,120,120,120,121,121,121,121,121,121,121,121,122,122,122,122,122,122,122,122,25
115,Portland,Portland town,9305,1,1,2,2,2,2,2,3,3,3,4,6,7,8,10,13,15,19,23,28,28,30,30,31,31,33,36,36,38,40,41,42,44,46,47,47,50,50,50,51,51,51,52,51,51,51,51,50,51,52,52,52,54,54,54,54,54,55,56,56,57,58,58,59,61,60,61,61,61,61,62,62,63,64,64,65,67,67,67,67,67,66,67,68,68,68,70,70,70,70,70,70,70,70,70,70,70,71,71,71,71,71,71,71,71,71,72,74,73,73,73,73,73,73,73,73,73,73,74,75,75,75,75,75,75,76,76,76,76,76,76,76,77,79,79,79,79,79,79,79,79,79,79,79,79,79,80,80,80,80,80,80,80,79,79,79,79,79,79,79,80,80,80,79,80,80,80,80,80,56
116,Westbrook,Westbrook town,6914,0,0,0,0,1,1,1,1,2,2,2,3,3,3,4,5,8,9,9,9,10,12,12,12,12,13,14,14,14,14,14,14,14,14,14,14,15,15,15,16,15,16,17,17,18,18,18,18,19,20,20,21,22,22,22,22,22,23,23,24,24,24,24,25,28,28,28,29,29,29,30,32,33,28,28,30,30,28,28,28,28,28,28,28,28,28,28,27,27,27,27,27,27,28,28,29,29,29,31,31,32,32,32,32,33,33,34,34,34,34,34,34,34,35,36,37,37,37,36,36,36,36,36,36,36,36,36,36,36,36,36,36,36,36,36,36,36,36,36,36,36,36,36,35,35,35,35,35,35,34,34,34,34,34,34,34,34,34,34,34,34,34,34,34,34,34,34,34,34,29
117,Barkhamsted,Barkhamsted town,3624,0,0,0,0,0,0,0,0,0,1,1,1,1,1,2,2,3,4,5,6,7,7,7,8,9,10,11,11,10,9,10,12,13,13,14,14,14,14,16,16,16,16,18,19,19,19,19,19,19,19,20,23,23,23,24,24,24,24,24,24,24,25,26,26,26,26,26,26,26,26,26,25,25,25,25,25,25,25,25,25,25,25,25,25,25,25,25,25,25,25,25,25,25,25,25,26,26,26,26,26,26,26,26,26,27,27,27,27,27,27,27,27,27,27,27,27,27,27,27,27,27,27,28,28,28,28,28,31,31,31,31,31,31,31,31,31,31,31,31,32,32,32,32,32,32,32,32,32,32,32,32,32,32,32,32,32,32,33,33,33,33,33,33,33,33,33,33,33,33,52
118,Bethlehem,Bethlehem town,3422,3,3,3,3,3,3,3,4,4,4,4,4,4,4,4,4,4,5,5,5,5,5,5,6,7,7,7,7,8,8,7,7,7,7,7,9,9,9,10,9,10,10,10,9,9,9,9,8,8,8,9,9,9,9,9,9,9,9,10,10,10,10,10,10,10,10,12,12,12,12,12,12,12,12,12,12,12,12,12,12,12,12,12,12,12,12,12,12,12,12,12,12,12,12,12,12,12,12,12,12,12,12,12,12,12,12,12,12,12,12,12,12,12,12,12,12,12,12,12,12,12,12,12,12,12,12,12,13,13,13,13,13,13,13,13,13,13,13,13,13,13,13,13,13,13,13,13,13,13,13,13,13,13,13,13,13,13,13,13,13,13,13,13,13,13,13,13,13,13,23
119,Bridgewater,Bridgewater town,1641,0,1,1,1,1,1,2,2,2,3,3,3,3,3,3,3,3,3,3,3,3,3,3,4,4,5,5,5,5,5,5,4,4,5,6,6,6,6,6,6,5,5,4,4,4,5,5,5,6,6,6,6,6,6,6,6,6,6,6,6,6,6,6,7,7,6,6,7,7,8,8,8,8,8,8,8,8,8,8,8,8,8,8,8,8,8,8,8,8,8,8,8,8,8,8,8,8,8,8,8,8,9,9,9,10,10,10,10,10,10,10,10,10,10,10,10,10,10,10,10,10,10,10,10,10,10,10,11,11,11,11,11,11,11,11,11,11,11,11,11,11,11,11,11,11,11,11,11,11,11,11,11,11,11,11,11,12,12,12,12,12,12,12,12,12,12,12,12,12,37
120,Canaan,Canaan town,1055,0,0,0,0,0,0,0,0,0,0,0,0,0,0,0,0,0,0,0,0,0,0,0,0,0,0,0,0,0,0,0,0,0,0,0,0,0,0,0,0,0,0,0,0,0,0,0,0,0,0,0,0,0,0,0,0,0,0,0,0,0,0,0,0,0,0,0,0,0,0,0,0,0,0,0,0,0,0,0,0,0,0,0,0,0,0,0,0,0,0,0,0,0,0,0,0,0,0,0,0,0,0,0,0,0,0,0,0,0,0,0,0,0,0,0,0,0,0,0,0,0,0,0,0,0,0,0,0,0,0,0,0,0,0,0,0,0,0,0,0,0,0,0,0,0,0,0,0,0,0,0,0,0,0,0,0,0,0,0,0,0,0,0,0,0,0,0,0,0,0
121,Colebrook,Colebrook town,1405,0,0,0,0,0,0,0,0,0,0,0,0,0,0,0,0,0,0,0,0,0,0,0,0,0,0,0,0,1,1,1,1,1,2,2,2,3,2,2,2,2,2,2,2,2,2,2,2,2,2,2,2,2,2,2,2,2,2,2,2,2,2,2,2,2,2,2,2,3,3,3,3,3,3,3,3,3,3,3,3,3,3,3,3,3,3,3,3,3,3,3,3,3,3,3,3,3,3,3,3,3,3,3,3,3,3,3,3,3,3,3,3,3,3,3,3,3,3,3,3,3,3,3,3,3,4,4,4,5,5,5,5,5,5,5,5,5,5,5,5,5,5,5,5,5,5,5,5,5,5,5,5,5,4,4,4,4,4,4,4,4,5,5,5,5,5,5,5,5,14
122,Cornwall,Cornwall town,1368,0,0,0,0,1,1,1,1,1,1,1,1,1,1,1,1,1,1,1,1,1,1,1,1,1,1,1,1,1,1,2,3,4,4,4,2,3,3,3,3,3,3,3,3,3,4,3,3,3,3,3,3,3,3,3,3,3,4,4,4,4,4,4,4,6,6,6,6,6,6,6,6,6,6,6,6,6,6,6,6,6,6,6,6,6,6,6,6,5,5,5,5,5,5,5,5,5,5,5,5,5,5,5,5,5,5,5,5,5,5,5,5,5,5,5,5,5,5,5,5,5,5,5,5,5,5,5,5,5,5,5,5,5,5,5,5,5,5,5,5,5,5,5,5,5,5,5,5,5,5,5,5,5,5,5,5,5,5,5,5,5,5,5,5,5,5,5,5,6,22
123,Goshen,Goshen town,2879,0,0,0,0,0,0,0,0,1,1,1,1,1,1,1,1,1,1,1,2,2,2,2,2,2,2,2,4,4,4,4,6,6,7,7,7,7,7,7,7,8,8,8,8,8,8,8,8,8,8,8,8,8,8,8,8,8,8,8,8,8,8,8,8,8,8,8,8,8,8,8,7,8,8,8,8,8,8,9,8,7,7,8,8,8,8,8,8,8,8,8,8,8,8,8,8,8,8,8,8,8,8,8,8,9,10,10,10,10,10,10,10,10,10,10,10,10,10,10,10,11,11,12,12,12,12,12,12,12,12,12,12,12,12,12,12,12,12,12,12,13,13,13,13,13,13,13,13,13,13,13,13,13,13,13,13,13,13,13,13,14,14,14,14,14,14,14,14,14,28
124,Harwinton,Harwinton town,5430,1,2,4,4,4,4,4,4,4,4,4,5,5,5,6,6,7,7,7,9,9,10,10,11,13,14,15,14,18,18,19,19,20,22,22,22,22,23,26,26,26,26,26,26,26,26,26,26,26,26,27,27,27,28,28,28,27,27,27,27,28,28,28,27,27,27,27,28,28,28,28,28,28,28,28,28,28,28,28,28,28,28,28,28,28,28,29,29,29,29,29,29,29,29,29,29,29,31,31,31,31,31,31,31,31,31,31,31,31,31,31,31,31,31,31,31,31,31,31,31,31,31,31,31,31,33,33,33,34,34,34,34,34,34,34,34,34,34,34,34,34,34,35,35,35,35,35,36,36,36,36,36,36,37,37,37,38,38,38,38,38,38,38,38,38,38,38,38,38,48
125,Kent,Kent town,2785,0,1,1,1,1,1,3,5,5,5,5,5,5,5,5,5,5,5,5,5,5,5,5,5,6,6,6,6,6,6,7,7,7,7,9,9,7,7,7,7,7,7,7,7,7,7,7,7,7,7,7,7,7,7,7,7,7,7,7,7,7,7,7,7,7,7,7,7,7,8,8,8,8,8,8,8,8,8,8,8,8,8,8,8,8,8,8,8,8,8,8,8,8,8,8,8,8,8,8,8,8,8,8,8,8,8,8,8,8,8,8,8,8,9,9,9,9,9,9,9,9,9,10,10,10,10,10,10,11,11,11,11,11,11,11,11,11,11,11,11,11,11,11,11,11,11,11,11,11,11,11,11,11,11,11,11,11,11,11,11,11,12,13,13,13,13,13,13,16,25
126,Litchfield,Litchfield town,8127,2,2,2,2,2,2,2,3,3,4,4,6,7,8,9,9,11,11,11,12,13,13,13,12,12,10,11,12,14,14,14,15,19,20,20,21,24,24,26,29,29,29,29,30,30,30,31,32,32,32,34,33,34,35,35,35,35,35,35,35,35,36,38,38,37,37,36,36,36,38,37,36,35,35,35,35,35,35,35,35,37,37,37,37,37,37,37,38,39,39,39,39,39,39,39,39,39,40,40,40,40,40,40,40,42,42,42,42,42,42,42,43,44,44,44,44,44,44,44,44,44,44,46,46,46,46,46,47,47,47,47,47,47,47,48,48,48,48,48,47,47,47,47,47,47,47,47,47,47,48,48,48,48,48,48,49,49,51,51,51,50,50,51,52,53,53,53,53,53,39
127,Morris,Morris town,2262,0,1,1,1,1,1,1,1,1,1,2,3,2,3,3,3,3,4,4,4,4,4,4,4,4,5,5,5,5,6,6,6,7,7,7,7,8,10,11,11,12,12,12,15,16,16,16,16,16,15,15,15,15,15,15,15,15,15,15,15,15,15,15,15,14,14,14,14,14,14,14,15,14,14,14,14,14,14,14,14,14,14,14,14,14,14,14,14,14,14,14,14,14,14,14,14,14,14,14,14,14,14,14,14,14,14,14,14,15,15,15,15,15,15,15,15,15,15,15,15,15,15,15,15,15,15,15,15,15,15,15,15,15,15,15,15,15,15,15,15,15,15,15,15,15,15,15,15,15,15,15,15,15,15,15,15,15,15,15,15,15,15,15,15,15,15,15,15,15,66
128,New Hartford,New Hartford town,6685,0,0,0,0,0,0,1,1,3,3,3,3,3,3,3,3,6,7,7,9,9,10,10,10,10,11,11,12,13,13,13,14,15,16,17,17,18,19,20,21,22,22,21,21,22,22,22,22,22,22,22,22,22,22,22,22,23,23,23,24,24,24,24,24,24,25,25,25,25,25,25,25,25,24,24,24,24,25,25,25,25,25,25,25,25,25,25,25,25,25,25,25,25,25,25,25,25,25,25,25,25,25,25,25,27,28,28,28,28,28,28,28,28,28,28,28,28,28,28,28,28,28,29,29,29,29,29,32,32,32,32,32,32,32,32,32,32,32,32,32,32,32,32,32,32,32,32,32,32,33,33,33,33,33,33,33,33,33,33,33,35,35,35,35,36,36,36,36,37,33
129,New Milford,New Milford town,26974,2,2,6,6,10,14,24,34,35,35,37,50,55,65,74,81,83,85,87,87,87,94,96,97,103,114,120,120,125,126,171,174,183,185,200,202,202,204,206,214,213,215,216,216,217,222,224,224,224,226,228,235,240,241,243,245,250,254,257,262,262,263,263,263,261,262,266,268,269,269,270,271,271,272,273,275,277,278,278,279,279,279,279,279,279,279,278,278,290,290,290,293,293,293,295,296,296,297,297,296,296,297,297,297,297,297,298,299,299,299,299,300,300,302,302,302,302,302,302,302,305,306,305,305,305,305,305,307,307,306,306,306,306,306,307,307,309,309,309,310,310,310,311,312,313,314,316,317,317,320,322,323,324,327,328,328,333,335,336,337,339,339,340,340,341,341,341,341,344,84
130,Norfolk,Norfolk town,1640,0,0,0,1,1,1,1,1,1,1,1,1,1,1,1,1,1,1,1,3,3,4,4,4,4,4,4,4,5,5,5,5,5,5,6,6,6,6,7,7,7,7,7,8,8,8,8,8,8,8,8,8,8,8,8,9,9,9,9,9,9,9,11,11,11,11,11,11,11,11,11,12,12,12,12,12,12,12,12,12,12,12,12,12,12,12,12,12,12,12,12,12,12,12,12,12,12,12,12,12,12,12,12,12,12,12,12,12,12,12,12,12,12,12,12,12,12,12,12,12,12,12,13,13,13,14,14,14,14,14,14,14,14,14,14,14,14,14,14,14,14,14,14,14,14,14,14,14,14,14,14,14,14,14,14,14,14,14,14,14,15,15,15,15,15,15,15,15,15,49
131,North Canaan,North Canaan town,3254,0,0,0,0,0,0,0,0,0,0,1,1,1,1,1,1,2,2,2,2,2,4,4,3,3,2,2,2,2,2,2,2,3,4,4,4,4,4,4,4,4,4,4,5,5,5,5,5,5,5,4,4,4,4,4,4,4,5,5,5,5,5,5,5,6,6,6,6,6,6,6,6,6,6,6,6,6,6,6,6,6,6,6,6,6,6,6,6,6,6,6,6,6,6,6,6,6,6,6,6,6,6,6,6,6,6,6,6,6,6,6,6,6,6,6,7,7,7,7,7,7,7,7,7,7,7,7,7,7,7,7,7,7,7,8,8,8,8,8,8,8,8,8,8,8,8,8,8,8,8,8,8,8,8,8,8,8,8,8,8,9,9,9,9,9,9,9,9,9,15
132,Plymouth,Plymouth town,11645,0,1,1,1,1,1,1,2,2,2,3,3,4,4,7,9,13,14,16,19,22,25,26,27,30,31,31,31,33,33,33,35,36,38,39,43,43,43,44,47,46,46,49,50,53,53,54,54,57,57,56,58,59,60,61,61,62,63,64,64,64,65,68,67,67,67,68,68,68,70,70,70,70,70,70,71,72,72,72,72,72,72,72,72,72,72,73,73,73,73,73,73,73,73,73,73,73,73,73,73,73,73,73,73,73,74,74,74,74,74,74,74,74,74,75,75,75,75,75,75,75,75,78,78,77,77,77,77,77,77,77,77,77,77,77,77,77,77,77,77,77,77,77,79,79,79,78,78,78,78,78,78,78,79,79,79,79,80,80,80,81,82,82,82,82,82,82,82,82,49
133,Roxbury,Roxbury town,2160,0,0,0,0,1,2,2,2,2,3,3,3,3,3,3,3,3,3,3,3,3,3,3,3,3,4,4,4,5,5,5,6,6,6,6,6,6,6,6,6,6,6,6,6,6,6,6,6,6,6,6,6,6,6,6,6,6,6,6,6,6,6,7,7,7,7,7,7,7,7,7,7,7,7,7,7,7,8,8,8,8,8,8,8,8,8,8,8,8,8,8,8,8,8,8,8,8,8,8,8,8,8,8,8,8,8,8,8,8,8,8,8,8,8,8,8,8,8,8,8,8,8,9,9,9,9,9,9,9,9,9,9,9,9,9,9,9,9,9,9,9,9,9,10,10,10,9,9,9,9,9,9,9,10,10,10,12,12,12,12,12,12,12,12,12,12,12,12,13,28
134,Salisbury,Salisbury town,3598,1,2,3,3,3,3,3,3,3,3,3,3,4,4,4,4,4,4,4,4,5,5,5,5,5,5,5,5,5,5,6,6,6,6,6,6,6,6,7,7,8,9,9,9,9,9,9,9,9,10,10,10,10,10,10,10,10,10,10,10,11,11,11,12,11,11,11,11,11,11,11,11,11,11,11,11,12,12,12,12,12,12,12,12,12,12,12,12,12,12,12,12,12,12,12,12,12,12,12,12,13,13,13,13,13,13,13,13,13,13,13,14,14,14,15,15,15,15,15,15,15,14,14,14,14,14,15,15,15,15,15,15,15,15,15,16,16,16,16,17,17,17,17,18,18,18,18,18,18,18,18,18,18,18,18,20,20,21,21,21,21,21,21,21,22,22,22,22,22,28
135,Sharon,Sharon town,2703,1,1,1,2,2,3,3,3,3,3,4,6,6,6,6,6,6,6,7,7,8,8,8,8,10,10,10,10,10,10,11,11,12,11,11,11,11,11,13,14,15,14,14,14,14,14,14,14,14,14,14,14,14,16,34,33,33,33,32,16,16,16,16,17,16,15,15,15,27,16,15,16,14,14,14,14,15,15,14,16,14,14,16,15,14,14,14,14,19,19,19,15,15,15,14,20,20,14,14,14,14,14,14,14,14,14,14,14,14,14,14,16,14,14,14,15,15,15,14,14,14,14,16,16,16,15,15,16,16,14,14,14,14,14,14,14,14,14,14,14,16,15,15,15,15,15,16,16,16,16,16,16,16,16,16,16,16,16,16,16,16,16,16,15,15,15,15,15,16,52
136,Thomaston,Thomaston town,7560,1,1,2,6,5,5,5,6,7,7,8,10,11,12,12,16,18,20,22,24,24,26,27,27,28,29,31,30,31,31,35,36,37,37,37,37,36,38,38,40,42,43,43,43,44,44,44,45,45,45,46,47,47,49,49,51,52,52,52,53,53,53,53,54,54,54,54,54,54,54,54,54,54,55,55,55,55,55,55,55,55,55,55,55,55,55,55,55,56,56,56,56,56,56,56,57,57,57,59,59,59,59,59,59,60,60,60,60,60,60,60,60,60,60,60,60,60,60,60,60,60,60,60,60,60,62,62,63,64,64,64,64,64,64,64,64,64,64,64,65,65,65,65,67,67,66,65,65,65,65,65,65,65,65,65,65,66,67,67,67,68,69,70,70,70,70,70,70,71,60
137,Torrington,Torrington town,34228,1,2,4,7,8,13,14,18,20,22,24,30,31,32,44,50,62,71,87,104,110,120,129,152,174,187,196,200,215,216,230,242,265,273,278,288,294,304,320,344,358,363,368,380,394,401,412,422,422,428,428,438,443,447,453,452,453,458,458,461,464,488,489,499,504,510,511,513,513,520,523,526,531,531,531,532,533,533,532,535,535,536,536,537,538,538,541,542,542,542,542,543,543,542,543,544,543,545,546,546,547,546,546,546,548,549,548,548,547,547,547,547,548,548,548,549,549,549,551,552,554,554,571,571,571,572,572,579,581,581,581,581,580,581,583,583,583,583,583,584,584,584,584,583,584,585,586,583,584,582,583,584,585,586,586,586,585,587,588,589,592,592,592,594,595,597,599,601,603,125
138,Warren,Warren town,1399,0,0,0,0,0,0,0,0,0,0,0,0,0,0,0,0,0,0,0,0,0,0,0,0,1,1,1,1,1,1,3,3,3,3,3,4,4,4,4,4,4,4,4,4,4,4,4,4,4,4,4,4,4,4,4,4,4,4,4,4,4,4,4,4,4,4,4,4,4,4,4,4,4,4,4,4,5,5,5,5,5,5,5,5,5,5,5,5,5,5,5,5,5,5,5,5,5,5,5,5,5,5,5,5,5,5,5,5,5,5,5,5,5,5,5,5,5,5,5,5,5,5,5,5,5,5,5,5,5,5,5,5,5,5,5,5,5,5,5,5,5,5,5,5,5,5,5,5,5,5,5,5,5,5,5,5,5,5,5,5,5,5,5,5,5,5,5,5,5,29
139,Washington,Washington town,3434,0,1,2,3,5,5,6,10,10,10,10,8,8,8,11,11,11,11,12,12,12,14,14,14,14,15,15,15,15,15,15,15,18,18,18,18,18,18,18,18,18,18,18,18,18,18,18,18,18,18,18,18,19,19,23,24,24,19,19,20,20,19,21,21,18,18,19,19,19,21,21,21,21,21,21,21,21,21,21,21,21,21,21,21,21,21,21,21,22,22,22,23,23,23,23,23,23,23,23,23,23,23,23,23,23,23,23,23,23,23,23,23,23,23,23,23,23,23,23,23,23,23,23,23,23,23,23,23,23,23,23,23,23,23,24,24,24,24,24,24,24,24,24,24,25,26,27,27,27,27,27,27,27,28,27,27,27,27,27,27,27,27,27,27,27,27,27,27,27,52
140,Watertown,Watertown town,21641,0,1,1,1,1,3,6,6,7,10,11,14,14,15,16,19,25,28,32,38,39,46,47,48,52,53,54,54,54,56,61,63,68,71,73,81,80,81,87,93,94,96,103,104,109,110,109,111,113,114,116,117,119,122,127,133,135,137,136,135,135,135,137,139,141,142,142,142,143,142,142,140,141,142,144,144,144,145,145,145,145,148,148,148,148,148,147,148,148,148,148,148,148,148,148,148,149,151,151,152,152,153,153,153,153,153,153,153,153,153,152,151,151,152,152,152,152,152,152,152,152,152,152,152,152,153,154,156,156,157,157,157,157,158,158,158,159,159,159,160,160,160,160,163,163,163,162,162,162,163,163,163,163,164,164,165,166,168,169,170,171,171,171,172,173,173,173,173,176,53
141,Winchester,Winchester town,10655,0,0,0,0,0,0,1,2,2,2,2,3,3,3,5,8,11,13,13,16,17,19,19,19,20,23,25,26,29,29,29,31,35,38,39,41,41,42,44,45,46,47,48,48,50,51,50,48,50,50,50,51,51,51,49,50,50,50,50,51,51,51,52,51,51,50,51,51,51,51,50,49,48,49,49,50,51,51,51,51,51,51,51,50,52,52,52,51,51,51,51,51,51,51,51,51,51,52,52,52,52,52,52,52,52,52,53,53,53,53,53,53,53,53,53,53,53,53,53,53,53,53,53,53,53,55,55,56,56,56,56,56,57,57,57,57,57,57,57,57,57,57,57,57,57,57,57,57,58,58,58,58,58,58,58,58,59,62,63,64,65,65,65,66,67,67,67,67,68,47
142,Woodbury,Woodbury town,9537,1,1,1,2,2,2,4,5,5,6,6,9,9,9,9,9,9,9,11,13,13,18,18,20,20,20,21,21,24,24,28,28,28,29,29,29,28,28,31,34,35,35,36,36,37,37,37,37,37,38,38,38,38,39,39,39,39,39,40,40,41,41,41,42,41,41,41,41,42,42,43,44,44,44,45,46,45,47,46,46,47,47,47,47,47,47,48,47,47,47,47,48,48,49,49,50,50,52,52,52,52,52,52,52,52,52,52,52,52,52,52,51,51,52,53,53,53,53,53,53,52,52,53,53,53,53,53,53,53,53,53,53,54,54,54,54,54,54,54,54,54,54,55,58,58,58,57,57,57,57,57,57,57,58,58,58,58,58,58,58,58,58,58,58,58,58,58,58,58,40
143,Ansonia,Ansonia town,18721,1,1,2,3,3,6,7,11,17,22,25,30,34,35,38,39,48,49,59,68,76,88,93,94,103,111,112,114,128,130,137,143,148,155,160,160,162,163,167,172,178,180,188,191,193,198,202,202,207,208,210,214,223,229,235,236,241,243,248,248,252,253,255,257,257,258,256,256,256,259,260,261,263,265,266,268,269,272,272,272,273,274,276,277,278,278,278,280,281,281,282,282,282,282,282,282,283,283,284,284,284,285,285,285,287,287,287,287,289,289,289,289,289,291,292,292,292,292,293,294,295,296,296,296,296,297,297,297,297,297,297,297,297,297,298,298,298,298,298,298,298,298,298,300,300,300,300,300,300,300,300,301,302,303,303,304,304,304,304,304,304,304,306,307,307,307,307,307,309,111
144,Beacon Falls,Beacon Falls town,6182,1,1,1,1,1,1,1,2,3,6,8,9,10,11,11,12,13,14,15,16,17,19,20,19,19,20,24,23,22,26,31,32,33,33,34,34,34,34,36,37,37,40,42,42,43,43,43,43,43,43,43,44,44,45,45,45,45,45,45,45,45,45,45,46,45,45,45,45,45,45,45,46,46,47,50,49,49,49,49,49,49,49,49,49,49,49,49,49,49,49,50,50,50,50,51,51,52,52,55,55,55,55,55,55,56,56,56,56,57,57,57,59,59,59,59,59,59,59,59,59,59,59,59,59,59,60,59,59,59,59,59,59,59,59,60,60,60,60,60,60,60,60,60,60,60,60,60,60,60,61,61,61,61,61,61,60,60,60,60,60,60,61,61,61,61,61,61,61,61,70
145,Bethany,Bethany town,5479,0,0,0,0,0,0,0,0,1,1,1,3,4,4,4,4,6,6,6,6,9,8,9,10,11,13,14,14,15,16,16,19,21,21,22,22,20,20,21,22,21,21,24,24,26,26,27,27,27,29,30,30,30,29,30,30,30,30,30,30,32,32,32,32,32,32,32,32,32,32,32,33,33,33,35,34,34,34,34,34,36,37,38,38,38,38,38,38,38,38,38,38,38,38,38,38,38,38,38,38,38,38,38,38,38,38,38,38,38,38,38,38,38,38,39,39,39,39,39,39,39,39,39,39,39,39,39,39,39,39,39,39,39,39,39,39,39,39,39,38,38,38,38,38,38,38,40,40,40,40,40,40,40,40,40,40,40,39,39,39,39,40,40,41,42,42,42,42,43,53
146,Branford,Branford town,28005,2,5,6,6,12,12,12,14,19,22,23,28,33,40,49,54,61,71,77,88,100,110,113,121,150,170,176,181,197,201,209,211,211,224,233,239,240,248,255,268,267,270,271,272,275,277,279,281,283,285,289,291,295,301,303,307,311,312,312,314,319,319,319,322,325,327,327,327,327,327,326,321,322,325,331,332,332,331,331,330,331,333,334,334,336,336,337,337,336,336,338,339,339,341,342,342,341,342,342,342,342,342,342,342,344,344,344,344,344,344,344,344,344,344,344,345,345,345,346,347,352,358,359,359,359,361,361,361,361,361,361,361,362,362,361,362,362,362,362,362,363,363,362,365,365,365,365,365,366,367,367,367,367,367,367,368,368,369,369,369,371,373,376,374,377,377,377,377,379,102
147,Cheshire,Cheshire town,29179,0,0,0,3,6,8,9,13,18,20,20,26,27,27,30,33,36,39,42,47,49,54,55,58,64,67,70,74,82,83,89,92,104,106,108,116,117,119,125,129,131,137,144,145,147,149,150,152,152,152,154,156,160,161,164,166,168,169,169,172,171,171,172,172,173,177,179,182,183,183,184,185,186,187,190,190,191,191,192,192,194,196,198,201,201,201,203,202,205,206,206,208,208,211,212,213,213,215,216,215,216,216,216,216,217,217,218,218,220,220,220,219,219,220,220,220,220,220,220,220,220,220,222,222,222,222,222,223,224,225,225,225,225,225,225,226,228,228,228,229,231,232,232,233,233,233,232,232,232,233,233,234,235,237,237,240,239,241,241,241,243,245,246,247,248,248,248,248,251,52
148,Derby,Derby town,12515,0,1,1,2,3,3,6,6,9,14,13,18,19,19,23,26,28,29,34,43,46,54,56,54,57,61,63,63,73,76,78,81,83,85,95,97,97,96,100,105,109,109,112,114,115,118,119,119,121,122,125,126,129,130,134,134,135,136,136,136,141,142,143,147,147,148,149,152,153,157,160,161,162,162,162,163,163,164,165,165,166,166,166,167,166,166,166,166,166,166,166,166,166,166,167,166,166,166,167,167,167,167,167,167,169,170,170,170,170,170,170,169,169,168,170,170,170,170,170,170,169,170,170,171,172,171,171,172,172,172,172,172,172,172,172,172,173,173,173,174,174,174,174,174,174,174,176,176,176,177,179,179,179,181,182,182,182,182,182,182,182,183,184,184,184,184,184,184,185,97
149,East Haven,East Haven town,28699,1,3,5,5,7,7,7,7,13,16,17,31,35,37,50,56,68,76,85,103,115,132,136,152,174,186,203,210,231,235,240,247,256,267,277,280,282,282,295,306,306,307,314,314,323,332,337,338,339,342,342,345,350,361,361,366,369,373,373,375,376,383,386,390,387,387,387,388,389,390,388,389,390,391,400,401,402,402,403,404,406,405,406,406,407,407,410,410,413,414,414,416,417,417,417,417,417,417,419,419,419,419,420,421,423,423,423,422,422,422,422,423,423,425,425,427,428,429,430,430,431,430,432,432,432,433,435,437,439,439,439,439,439,439,439,439,441,441,441,443,443,443,443,446,446,445,444,444,446,446,446,448,450,452,452,453,454,454,454,453,452,454,454,455,455,455,455,455,457,119
150,Guilford,Guilford town,22216,2,2,2,2,3,3,3,3,5,5,5,9,11,15,20,23,25,28,29,33,33,38,41,41,44,50,51,51,59,59,61,63,63,63,72,72,73,74,77,78,79,79,80,82,82,82,84,83,83,84,86,88,89,89,90,92,93,93,93,94,93,94,94,94,94,94,94,94,94,95,97,97,97,98,99,98,98,98,100,99,99,100,99,100,99,99,99,100,100,100,100,101,101,102,102,102,102,101,102,102,102,102,102,102,103,103,103,103,103,103,103,103,104,105,105,106,106,106,106,106,106,105,105,105,105,106,110,110,111,111,111,111,111,111,110,110,110,110,110,110,110,110,111,111,111,111,111,111,111,111,111,111,111,111,111,111,112,112,113,114,115,117,119,120,122,123,124,125,126,38
151,Hamden,Hamden town,60940,1,4,6,7,11,11,14,28,47,56,55,61,69,84,109,121,142,159,176,205,227,263,269,288,324,359,381,391,424,448,476,498,516,533,549,559,568,583,600,639,657,669,684,696,736,758,766,780,780,796,811,824,835,847,859,869,873,886,890,900,905,909,919,931,929,935,938,944,944,959,968,971,973,974,979,983,983,986,994,998,998,1004,1003,1004,1006,1006,1011,1011,1013,1013,1014,1020,1021,1023,1024,1024,1024,1026,1030,1028,1029,1036,1037,1038,1039,1040,1041,1045,1046,1046,1046,1045,1044,1044,1044,1045,1046,1047,1048,1048,1046,1048,1052,1052,1052,1053,1056,1057,1061,1061,1061,1061,1063,1063,1064,1065,1066,1068,1070,1073,1074,1075,1078,1078,1080,1082,1086,1085,1086,1092,1094,1094,1094,1094,1094,1100,1102,1105,1106,1107,1108,1111,1112,1112,1115,1117,1119,1121,1124,131
152,Madison,Madison town,18106,1,3,3,3,6,6,7,8,11,12,12,14,14,17,22,24,25,32,34,37,39,41,41,43,44,46,46,49,51,51,52,56,65,65,72,73,74,76,87,94,94,96,96,95,97,100,101,101,101,104,107,116,119,120,122,124,129,129,129,131,134,133,135,136,135,137,137,137,137,138,140,140,140,140,141,139,139,140,140,140,141,141,142,142,143,143,143,143,143,143,143,145,145,147,147,147,147,147,149,149,149,150,150,150,151,151,152,152,152,152,152,151,151,151,152,152,153,154,154,155,156,156,156,156,156,156,156,156,156,156,156,156,158,158,160,160,160,160,160,160,160,160,160,160,160,160,161,161,161,161,161,161,161,161,162,163,164,164,164,164,164,165,165,166,167,167,167,167,167,57
153,Meriden,Meriden town,59540,2,3,7,8,9,14,16,21,24,31,31,40,46,47,64,68,79,84,101,110,113,145,152,158,169,175,186,191,205,215,229,241,263,278,301,320,326,337,358,385,401,408,431,438,452,472,523,559,562,580,603,613,635,644,650,663,667,681,686,698,710,718,737,744,751,755,760,767,772,783,790,795,797,807,821,824,827,829,838,839,845,849,849,849,852,852,853,859,868,869,869,869,869,870,871,876,878,879,883,887,888,893,895,897,900,902,903,905,906,911,916,922,923,928,928,937,942,947,953,954,956,957,966,967,968,971,972,972,975,978,981,984,989,992,997,998,1000,1001,1002,1005,1006,1007,1007,1007,1007,1007,1008,1007,1007,1008,1007,1009,1011,1014,1013,1013,1017,1018,1019,1020,1022,1023,1028,1033,1036,1038,1040,1042,1045,97
154,Middlebury,Middlebury town,7731,0,0,1,1,2,2,5,6,7,7,8,10,10,10,10,11,14,14,14,15,15,17,16,18,19,19,19,19,21,21,28,29,29,29,29,30,31,32,34,35,34,33,34,35,36,36,36,36,36,36,35,35,37,37,37,38,40,43,44,44,45,44,44,46,45,44,44,44,44,43,42,43,43,44,44,44,44,44,44,44,44,44,44,44,46,46,47,47,47,47,47,47,47,47,47,47,47,49,48,48,47,47,47,47,48,48,48,48,48,48,48,48,48,49,50,50,50,50,50,50,49,49,49,49,49,49,49,49,50,50,50,50,50,50,50,51,51,51,51,51,51,51,51,53,53,53,52,51,51,51,52,52,52,51,51,52,52,53,53,53,55,55,55,55,55,55,55,55,58,47
155,Milford,Milford town,54661,3,6,8,8,15,11,12,15,17,20,23,56,58,63,77,113,130,154,172,187,205,224,241,267,304,325,338,343,369,383,402,413,425,434,443,460,456,462,481,485,485,486,493,498,512,521,526,528,535,540,545,553,559,567,565,570,573,587,590,593,597,604,618,623,616,619,619,621,620,630,631,628,630,638,643,643,645,648,647,648,653,658,659,658,659,659,660,661,663,664,664,667,667,667,667,670,670,671,672,672,672,672,672,672,673,673,674,676,676,679,682,686,685,688,690,690,690,690,692,693,694,694,694,695,696,699,698,701,702,704,704,704,705,704,706,706,709,710,711,712,713,715,716,716,716,716,717,716,717,717,719,719,719,719,720,722,722,722,722,721,720,719,719,720,720,721,722,723,726,99
156,Naugatuck,Naugatuck town,31288,0,2,3,6,7,7,7,7,9,13,13,20,26,28,37,38,50,56,60,69,71,81,86,90,94,99,103,103,110,114,125,133,144,147,151,166,167,170,176,186,190,193,204,206,217,231,243,247,248,257,263,266,273,318,323,328,333,340,339,342,345,348,351,361,359,360,364,366,363,367,370,372,374,378,380,380,379,379,380,381,382,381,381,381,382,382,383,386,386,386,385,385,385,385,385,385,384,389,393,394,395,395,396,397,398,399,399,401,401,404,407,410,410,411,415,414,414,414,416,416,414,412,418,418,418,418,421,422,421,421,421,421,422,423,423,424,425,426,427,428,429,430,429,436,436,435,434,433,433,432,433,433,433,434,434,434,436,435,435,435,436,438,440,442,442,442,441,440,439,82
157,New Haven,New Haven town,130418,8,22,29,32,52,53,56,73,121,135,133,174,190,234,319,365,413,461,477,552,618,697,726,776,864,932,1001,1041,1134,1177,1253,1304,1324,1377,1411,1477,1502,1523,1581,1664,1676,1694,1733,1752,1837,1884,1951,1973,1982,2032,2062,2090,2126,2163,2182,2213,2236,2260,2284,2303,2319,2327,2352,2376,2382,2407,2419,2437,2443,2468,2476,2477,2487,2526,2582,2586,2597,2595,2597,2600,2614,2623,2626,2632,2637,2637,2636,2643,2649,2651,2654,2663,2665,2667,2667,2668,2671,2673,2683,2684,2689,2695,2698,2701,2706,2707,2710,2717,2723,2730,2737,2746,2746,2749,2757,2767,2769,2771,2774,2777,2778,2782,2787,2792,2797,2802,2805,2806,2806,2810,2813,2816,2821,2822,2824,2826,2828,2837,2846,2856,2860,2861,2865,2870,2879,2888,2897,2898,2900,2908,2913,2922,2931,2940,2941,2943,2947,2957,2962,2967,2973,2996,2997,3000,3007,3008,3009,3010,3012,156
158,North Branford,North Branford town,14158,0,0,0,0,0,0,1,2,5,5,5,8,9,11,12,13,14,15,16,20,21,24,25,25,30,39,41,44,49,51,53,54,54,56,57,57,56,56,56,59,60,61,62,62,63,64,66,66,66,67,66,68,73,74,75,75,76,79,80,80,81,80,80,80,80,80,80,81,81,81,82,83,83,83,83,83,83,83,83,83,83,83,83,83,83,83,83,84,84,84,84,85,84,84,84,84,84,84,85,85,85,87,87,87,88,88,88,88,88,88,88,88,88,88,88,88,88,88,90,90,89,90,91,91,91,91,91,92,92,92,92,92,92,92,92,92,92,92,92,92,92,92,92,92,92,92,93,93,93,93,93,93,93,94,94,94,94,95,95,95,95,95,95,96,96,96,96,96,96,47
159,North Haven,North Haven town,23691,0,0,0,0,1,2,2,2,9,13,10,15,15,23,29,29,35,43,44,58,61,74,77,78,95,109,117,120,132,138,140,144,151,164,164,169,173,174,180,184,183,185,189,189,189,192,196,197,198,202,202,206,211,213,213,214,215,216,217,218,218,218,232,234,236,237,239,240,241,245,247,256,255,254,254,253,252,252,254,255,262,265,266,266,267,267,267,267,268,268,267,267,267,267,267,267,268,268,265,265,265,266,266,265,264,265,265,265,266,266,266,268,269,271,271,271,271,271,272,272,273,274,275,277,279,282,283,283,283,284,284,284,285,286,286,286,287,287,287,287,286,285,285,285,285,285,287,286,290,291,294,295,296,297,297,300,301,302,302,302,303,298,300,302,301,301,301,301,303,85
160,Orange,Orange town,13949,1,2,3,3,6,6,7,7,7,8,8,8,10,13,15,19,20,22,24,25,27,33,36,34,36,37,38,39,41,45,46,50,57,60,62,65,64,66,86,97,96,98,98,98,101,104,105,106,106,107,107,108,109,110,110,111,110,112,113,113,112,112,112,112,112,113,113,113,113,113,111,111,111,111,115,116,116,117,119,120,120,120,120,121,120,120,122,122,122,122,121,121,121,122,122,123,124,124,125,125,125,126,126,126,128,128,128,128,128,128,128,127,127,128,128,129,130,131,131,131,132,132,132,132,132,133,134,134,134,134,134,134,134,135,135,135,135,135,135,136,136,137,137,137,137,137,138,139,139,139,139,139,139,140,141,142,142,142,142,142,143,143,143,143,145,145,145,145,146,77
161,Oxford,Oxford town,13226,2,2,3,5,5,5,7,8,11,12,13,18,21,21,22,24,25,29,30,33,37,38,42,43,45,46,45,45,48,48,51,51,50,51,52,56,55,55,58,60,64,66,68,68,69,70,71,72,72,72,73,75,75,75,76,76,76,77,77,78,77,77,76,78,76,77,76,76,77,77,76,76,76,78,78,78,79,79,79,79,79,79,79,78,79,79,80,80,80,80,80,80,80,80,80,80,80,80,81,81,81,82,82,82,82,82,82,82,82,82,82,83,83,83,83,83,83,83,83,83,85,85,85,85,85,86,86,86,86,87,87,87,88,88,88,88,88,88,88,89,89,89,89,89,89,89,89,89,89,89,89,89,89,89,91,91,92,92,92,92,93,93,93,93,93,93,93,93,94,54
162,Prospect,Prospect town,9790,0,1,1,1,1,1,2,3,4,5,8,11,12,12,13,15,16,16,17,20,20,21,21,21,22,23,24,24,26,27,29,29,29,31,32,33,33,33,36,36,37,37,40,40,41,41,43,44,44,45,46,46,47,48,49,51,51,51,52,52,53,53,53,55,53,53,53,53,53,55,54,55,55,55,55,55,56,57,58,58,58,58,58,58,58,58,58,57,57,57,57,57,57,57,57,58,60,61,61,63,63,65,65,65,65,65,65,65,65,65,65,65,65,65,65,65,65,65,65,66,67,66,67,67,67,68,68,68,68,69,69,69,69,69,69,69,70,70,70,71,71,71,73,75,75,74,73,74,73,73,73,73,73,73,75,75,78,78,78,78,78,77,77,77,78,78,78,78,78,46
163,Seymour,Seymour town,16509,1,2,5,5,5,5,9,10,13,15,17,20,23,27,32,34,42,46,50,66,72,78,82,84,96,97,103,107,129,132,133,138,139,140,145,147,148,148,149,151,162,164,168,168,176,183,186,191,195,196,198,199,201,202,204,207,207,210,210,211,211,212,214,219,217,222,224,225,225,227,226,224,224,223,224,225,225,226,225,225,227,228,228,228,228,228,228,228,229,229,230,231,231,231,231,231,231,231,231,231,231,231,231,231,233,233,233,234,234,234,234,234,233,233,233,232,232,232,233,233,235,235,237,237,237,238,240,240,241,243,243,243,242,243,244,244,244,244,244,245,246,246,246,246,246,246,245,245,245,245,245,245,245,245,244,244,244,244,244,244,244,244,244,244,244,244,244,244,244,119
164,Southbury,Southbury town,19656,2,4,5,6,5,7,7,11,13,13,14,19,20,21,28,30,36,38,44,53,63,67,72,78,81,88,88,92,99,99,111,112,115,118,122,123,122,127,134,142,143,142,147,151,148,149,148,148,146,146,147,149,150,147,148,150,151,158,158,162,163,167,163,165,166,167,168,171,172,173,174,175,175,186,187,188,188,188,190,190,190,191,192,193,193,193,193,193,192,192,192,192,192,193,194,197,199,195,196,197,199,200,200,200,200,200,200,200,200,200,200,200,200,201,200,200,200,200,201,201,205,198,199,199,199,200,200,200,201,202,202,202,201,201,202,202,202,202,202,202,203,203,203,204,204,204,205,206,205,205,206,207,208,209,209,209,209,209,209,209,211,211,211,211,211,211,211,211,212,74
165,Wallingford,Wallingford town,44535,0,0,2,2,2,3,5,8,10,14,18,24,23,23,30,36,42,52,57,69,70,79,86,88,99,109,114,124,137,143,157,164,185,186,198,210,220,226,249,274,282,283,305,311,324,333,343,348,348,356,368,370,377,382,387,400,399,406,409,411,415,422,421,426,433,439,440,441,441,445,450,451,453,456,460,459,462,462,463,466,467,469,469,471,473,473,474,474,481,482,483,483,483,484,485,487,488,490,490,491,491,492,492,492,491,492,492,492,493,494,495,498,499,499,501,504,504,504,505,503,504,504,505,505,505,507,509,509,510,512,512,512,514,516,517,517,517,517,517,519,519,518,520,521,521,521,523,524,526,526,526,526,526,528,528,530,530,530,530,530,531,531,533,532,536,536,536,536,537,80
166,Waterbury,Waterbury town,108093,5,10,17,30,36,38,52,69,75,86,105,160,217,236,278,299,358,400,455,490,512,594,638,676,740,822,837,843,872,907,953,1014,1062,1104,1131,1200,1213,1236,1298,1355,1388,1394,1426,1438,1464,1486,1496,1514,1523,1547,1562,1589,1611,1636,1649,1700,1720,1759,1775,1798,1810,1808,1822,1829,1833,1844,1849,1865,1866,1906,1915,1915,1922,1924,1946,1944,1952,1954,1957,1961,1963,1966,1966,1972,1975,1975,1981,1989,1992,1994,1995,1996,1996,1996,1997,2001,2009,2013,2018,2019,2021,2018,2021,2024,2028,2031,2036,2042,2049,2053,2057,2062,2063,2066,2080,2098,2100,2102,2105,2104,2112,2113,2125,2127,2129,2132,2135,2139,2152,2158,2162,2166,2170,2175,2177,2179,2179,2182,2185,2190,2193,2196,2201,2215,2216,2217,2220,2221,2218,2231,2231,2233,2235,2237,2238,2246,2251,2257,2262,2267,2273,2273,2274,2283,2285,2287,2289,2291,2294,143
167,West Haven,West Haven town,54879,6,11,12,12,18,19,20,30,38,49,50,62,71,85,122,148,167,192,205,232,258,299,319,337,374,410,438,454,499,545,580,607,620,641,653,680,692,698,726,759,762,773,792,798,816,842,854,857,867,885,898,911,922,944,946,962,965,978,986,989,1003,1013,1020,1022,1017,1018,1023,1026,1026,1037,1037,1038,1039,1041,1046,1045,1046,1046,1048,1048,1049,1051,1052,1052,1052,1052,1055,1056,1056,1058,1061,1062,1061,1062,1062,1063,1066,1066,1068,1068,1071,1072,1072,1072,1073,1073,1073,1074,1075,1076,1077,1079,1081,1081,1085,1088,1088,1088,1089,1089,1094,1094,1095,1095,1095,1097,1098,1101,1102,1104,1104,1104,1106,1106,1108,1108,1109,1112,1115,1120,1121,1125,1127,1129,1135,1141,1147,1145,1150,1152,1155,1158,1161,1165,1163,1163,1167,1180,1180,1180,1181,1182,1184,1185,1185,1186,1187,1188,1190,161
168,Wolcott,Wolcott town,16649,0,1,2,2,3,3,3,5,5,5,6,11,11,11,12,14,20,21,23,31,31,32,34,39,41,43,42,44,48,48,51,51,51,55,57,62,65,67,70,76,79,81,86,86,91,90,90,91,90,91,92,92,93,94,93,93,93,93,93,94,94,95,96,97,97,96,98,99,99,99,99,101,102,102,102,102,102,102,104,105,105,105,105,105,105,105,105,107,109,109,109,109,109,109,109,109,109,110,110,110,110,111,111,111,111,111,111,111,111,111,111,111,112,113,117,117,117,117,119,119,120,124,124,124,124,125,125,125,125,125,125,125,125,125,125,125,125,125,125,127,127,128,128,129,129,129,128,128,127,127,127,127,127,128,128,129,129,130,130,130,131,131,131,131,132,132,132,132,135,55
169,Woodbridge,Woodbridge town,8805,2,3,3,3,3,3,3,4,6,6,6,6,6,8,12,16,32,37,37,39,41,48,57,66,64,64,69,68,71,75,81,88,88,86,85,86,99,100,101,102,103,104,106,106,105,106,106,106,106,106,106,108,108,109,109,118,121,121,125,125,126,126,126,127,127,127,128,127,127,145,145,144,144,145,144,146,147,147,145,145,145,146,146,146,146,146,146,147,147,147,147,146,146,147,147,147,148,148,148,149,149,147,147,147,147,147,147,146,146,146,146,145,145,145,145,145,145,145,145,145,145,145,145,145,145,145,145,145,146,148,148,148,148,148,147,147,147,147,147,147,147,147,147,147,147,147,147,147,147,147,148,148,148,148,148,148,148,148,148,148,148,149,149,149,149,149,149,148,147,120
